0.0,0.2375006507222323,3.715636276381996,1.0,0.0,0.0,0.0,1.0,1.0,0.0,0.0
0.0,-0.11806475343068525,-0.2593252961787141,0.0,0.0,1.0,0.0,1.0,0.0,0.0,1.0
0.0,0.27700791785033424,-0.5098371583260434,0.0,0.0,1.0,0.0,1.0,0.0,0.0,1.0
0.0,0.07947158220982449,-0.5128629997712614,0.0,1.0,0.0,1.0,0.0,0.0,0.0,1.0
1.0,-0.4341228904555008,0.7645069656139314,1.0,0.0,0.0,1.0,0.0,1.0,0.0,0.0
0.0,0.11897884933792645,-0.4557912303998677,0.0,0.0,1.0,0.0,1.0,0.0,1.0,0.0
0.0,-1.0662391645051321,-0.482424030994162,0.0,0.0,1.0,0.0,1.0,0.0,0.0,1.0
0.0,-0.5131374247117046,1.2667385360821957,0.0,0.0,1.0,0.0,1.0,1.0,0.0,0.0
1.0,-0.4341228904555008,-0.5254872751562136,0.0,0.0,1.0,0.0,1.0,0.0,0.0,1.0
0.0,0.8301096576437614,-0.09840158458499637,1.0,0.0,0.0,0.0,1.0,1.0,0.0,0.0
1.0,1.0671532604123732,3.7122638536464136,0.0,0.0,1.0,1.0,0.0,1.0,0.0,0.0
0.0,-0.276093821943093,-0.3395723545890296,0.0,0.0,1.0,1.0,0.0,0.0,0.0,1.0
0.0,0.3560224521065381,-0.13411398485201248,0.0,0.0,1.0,0.0,1.0,0.0,1.0,0.0
1.0,-0.11806475343068525,-0.12269963097773373,0.0,0.0,1.0,0.0,1.0,1.0,0.0,0.0
1.0,-0.3551083561992969,0.4769005287122641,1.0,0.0,0.0,0.0,1.0,1.0,0.0,0.0
1.0,0.11897884933792645,-0.2378808382545464,0.0,0.0,1.0,1.0,0.0,0.0,1.0,0.0
0.0,-1.0662391645051321,-0.3001409502960668,0.0,0.0,1.0,0.0,1.0,0.0,0.0,1.0
0.0,2.4499076098959414,-0.3852297700861446,0.0,0.0,1.0,0.0,1.0,0.0,0.0,1.0
0.0,2.5684294112802477,-0.12269963097773373,0.0,0.0,1.0,0.0,1.0,1.0,0.0,0.0
0.0,0.3560224521065381,-0.538891877278753,0.0,0.0,1.0,0.0,1.0,0.0,0.0,1.0
0.0,-0.3551083561992969,-0.5232396851115148,0.0,0.0,1.0,0.0,1.0,0.0,0.0,1.0
1.0,-1.3032827672737437,4.771464009752778,1.0,0.0,0.0,0.0,1.0,1.0,0.0,0.0
1.0,2.4104003427678387,4.7844348664280965,0.0,0.0,1.0,1.0,0.0,1.0,0.0,0.0
0.0,0.9881387261561692,-0.4039078036986007,0.0,0.0,1.0,0.0,1.0,0.0,1.0,0.0
0.0,0.9881387261561692,0.0007829245712816348,0.0,0.0,1.0,0.0,1.0,0.0,1.0,0.0
0.0,0.8301096576437614,-0.5098371583260434,0.0,0.0,1.0,0.0,1.0,0.0,0.0,1.0
0.0,0.7510951233875576,-0.4039078036986007,0.0,0.0,1.0,0.0,1.0,0.0,1.0,0.0
1.0,-0.039050219174481336,-0.5128629997712614,0.0,1.0,0.0,0.0,1.0,0.0,0.0,1.0
0.0,-0.3551083561992969,-0.13411398485201248,0.0,0.0,1.0,0.0,1.0,0.0,1.0,0.0
0.0,-0.11806475343068525,-0.5128629997712614,0.0,1.0,0.0,0.0,1.0,0.0,0.0,1.0
0.0,-0.19707928768688912,-0.4939255490252989,0.0,0.0,1.0,0.0,1.0,0.0,0.0,1.0
0.0,2.094342205743024,-0.036660306810488735,1.0,0.0,0.0,0.0,1.0,1.0,0.0,0.0
1.0,-0.11806475343068525,-0.3572998838243186,1.0,0.0,0.0,0.0,1.0,0.0,0.0,1.0
1.0,-0.6711664932241125,-0.12269963097773373,0.0,0.0,1.0,1.0,0.0,1.0,0.0,0.0
0.0,-0.11806475343068525,0.40262006437259423,0.0,0.0,1.0,0.0,1.0,1.0,0.0,0.0
0.0,-0.11806475343068525,-0.5128629997712614,0.0,1.0,0.0,1.0,0.0,0.0,0.0,1.0
0.0,1.4622259316933923,0.039695494597231866,0.0,0.0,1.0,1.0,0.0,0.0,0.0,1.0
0.0,-0.5131374247117046,-0.4557912303998677,0.0,0.0,1.0,0.0,1.0,0.0,1.0,0.0
1.0,-0.11806475343068525,1.031619448968598,1.0,0.0,0.0,1.0,0.0,1.0,0.0,0.0
0.0,-0.11806475343068525,-0.4981633873182584,0.0,1.0,0.0,0.0,1.0,0.0,0.0,1.0
1.0,0.5140515206189459,0.13567983399457575,0.0,0.0,1.0,1.0,0.0,0.0,1.0,0.0
0.0,0.7510951233875576,-0.05732651333413737,1.0,0.0,0.0,0.0,1.0,1.0,0.0,0.0
1.0,0.3560224521065381,-0.12269963097773373,0.0,0.0,1.0,0.0,1.0,1.0,0.0,0.0
1.0,0.8301096576437614,2.117626733982974,1.0,0.0,0.0,1.0,0.0,1.0,0.0,0.0
0.0,-0.11806475343068525,-0.4928878804912736,0.0,0.0,1.0,0.0,1.0,0.0,0.0,1.0
1.0,-0.11806475343068525,-0.5132095810616258,0.0,1.0,0.0,1.0,0.0,0.0,0.0,1.0
0.0,-0.4341228904555008,0.5715006182852183,0.0,0.0,1.0,0.0,1.0,1.0,0.0,0.0
1.0,-0.11806475343068525,-0.3520243769973337,0.0,1.0,0.0,1.0,0.0,0.0,0.0,1.0
1.0,-2.0934281098357825,0.18920692765373887,1.0,0.0,0.0,1.0,0.0,0.0,1.0,0.0
1.0,0.6720805891313537,4.048209041537118,1.0,0.0,0.0,1.0,0.0,1.0,0.0,0.0
0.0,-1.2242682330175396,0.29963146237057936,0.0,0.0,1.0,0.0,1.0,0.0,0.0,1.0
0.0,-1.0662391645051321,0.039695494597231866,0.0,0.0,1.0,0.0,1.0,0.0,0.0,1.0
0.0,-0.6711664932241125,-0.5232396851115148,0.0,0.0,1.0,0.0,1.0,0.0,0.0,1.0
1.0,0.8301096576437614,-0.030347131449478544,1.0,0.0,0.0,0.0,1.0,1.0,0.0,0.0
1.0,0.11897884933792645,-0.08145230675022648,1.0,0.0,0.0,0.0,1.0,1.0,0.0,0.0
0.0,-0.11806475343068525,-0.3603257252695364,0.0,0.0,1.0,0.0,1.0,0.0,0.0,1.0
0.0,2.173356739999228,-0.4039078036986007,0.0,0.0,1.0,0.0,1.0,0.0,1.0,0.0
0.0,0.8301096576437614,0.29963146237057936,0.0,0.0,1.0,0.0,1.0,0.0,0.0,1.0
0.0,1.3041968631809848,-0.13411398485201248,0.0,0.0,1.0,0.0,1.0,0.0,1.0,0.0
0.0,-0.5131374247117046,-0.4039078036986007,0.0,0.0,1.0,0.0,1.0,0.0,1.0,0.0
0.0,-0.07855748630258329,-0.09840158458499637,1.0,0.0,0.0,0.0,1.0,1.0,0.0,0.0
0.0,-0.6711664932241125,-0.5128629997712614,0.0,1.0,0.0,1.0,0.0,0.0,0.0,1.0
0.0,1.4622259316933923,-0.5107004985463526,0.0,0.0,1.0,0.0,1.0,0.0,0.0,1.0
1.0,0.2375006507222323,-0.4039078036986007,0.0,0.0,1.0,1.0,0.0,0.0,1.0,0.0
0.0,-0.19707928768688912,-0.5107004985463526,0.0,0.0,1.0,0.0,1.0,0.0,0.0,1.0
1.0,-2.0934281098357825,-0.2845759222856867,0.0,0.0,1.0,0.0,1.0,0.0,1.0,0.0
0.0,-0.9082100959927242,-0.5336163704517681,0.0,1.0,0.0,1.0,0.0,0.0,0.0,1.0
1.0,-1.2242682330175396,-0.44039845536613575,1.0,0.0,0.0,1.0,0.0,0.0,0.0,1.0
0.0,-0.11806475343068525,-0.5098371583260434,1.0,0.0,0.0,0.0,1.0,0.0,0.0,1.0
0.0,1.936313137230616,0.9302745139244792,0.0,0.0,1.0,0.0,1.0,1.0,0.0,0.0
0.0,1.225182328924781,0.063043036612802,0.0,0.0,1.0,0.0,1.0,1.0,0.0,0.0
0.0,-0.11806475343068525,-0.37277774767784055,0.0,0.0,1.0,1.0,0.0,0.0,0.0,1.0
0.0,-0.6711664932241125,-0.4350378597193609,0.0,0.0,1.0,0.0,1.0,0.0,1.0,0.0
0.0,1.6202550002058005,-0.07782046688113785,1.0,0.0,0.0,1.0,0.0,1.0,0.0,0.0
1.0,-0.8291955617365203,-0.5101816642793399,0.0,1.0,0.0,1.0,0.0,0.0,0.0,1.0
1.0,2.252371274255432,2.511162525512084,0.0,0.0,1.0,1.0,0.0,1.0,0.0,0.0
0.0,-0.7501810274803163,-0.5092311599021726,0.0,0.0,1.0,0.0,1.0,0.0,0.0,1.0
1.0,-2.1724426440919866,-0.19637409689353286,0.0,0.0,1.0,0.0,1.0,0.0,1.0,0.0
0.0,0.8301096576437614,-0.022305200310782185,0.0,0.0,1.0,0.0,1.0,0.0,0.0,1.0
1.0,-2.0934281098357825,-0.022305200310782185,0.0,0.0,1.0,0.0,1.0,0.0,0.0,1.0
1.0,-0.5921519589679086,-0.5237585193785274,1.0,0.0,0.0,0.0,1.0,0.0,0.0,1.0
0.0,-1.0662391645051321,-0.13411398485201248,0.0,0.0,1.0,0.0,1.0,0.0,1.0,0.0
0.0,0.6720805891313537,-0.5123441655042487,0.0,0.0,1.0,1.0,0.0,0.0,0.0,1.0
0.0,-0.5921519589679086,-0.4695403384757035,0.0,0.0,1.0,1.0,0.0,0.0,0.0,1.0
0.0,-0.11806475343068525,-0.5237585193785274,1.0,0.0,0.0,0.0,1.0,0.0,0.0,1.0
1.0,-0.11806475343068525,1.175510869244824,1.0,0.0,0.0,1.0,0.0,1.0,0.0,0.0
1.0,-0.11806475343068525,-0.13411398485201248,0.0,0.0,1.0,0.0,1.0,1.0,0.0,0.0
0.0,-0.9082100959927242,-0.4039078036986007,0.0,0.0,1.0,0.0,1.0,0.0,1.0,0.0
0.0,0.03996431508172255,-0.5153700069494666,0.0,1.0,0.0,1.0,0.0,0.0,0.0,1.0
0.0,-0.9082100959927242,-0.37372825205500776,1.0,0.0,0.0,1.0,0.0,0.0,0.0,1.0
1.0,2.4104003427678387,0.9096083074008308,1.0,0.0,0.0,1.0,0.0,1.0,0.0,0.0
1.0,-1.7773699728109669,-0.3572998838243186,1.0,0.0,0.0,0.0,1.0,0.0,0.0,1.0
0.0,-0.5131374247117046,-0.4350378597193609,0.0,0.0,1.0,0.0,1.0,0.0,1.0,0.0
0.0,-0.9082100959927242,-0.4557912303998677,0.0,0.0,1.0,0.0,1.0,0.0,1.0,0.0
0.0,0.5140515206189459,0.8878172681862985,1.0,0.0,0.0,0.0,1.0,1.0,0.0,0.0
1.0,-0.5921519589679086,-0.5128629997712614,0.0,0.0,1.0,1.0,0.0,0.0,0.0,1.0
0.0,-0.8687028288646222,-0.4039078036986007,0.0,0.0,1.0,0.0,1.0,0.0,1.0,0.0
0.0,-0.6711664932241125,-0.4039078036986007,0.0,0.0,1.0,0.0,1.0,0.0,1.0,0.0
0.0,-0.9082100959927242,-0.5123441655042487,0.0,0.0,1.0,1.0,0.0,0.0,0.0,1.0
0.0,0.03996431508172255,0.27057674341786986,0.0,0.0,1.0,0.0,1.0,1.0,0.0,0.0
0.0,-0.039050219174481336,-0.13411398485201248,0.0,0.0,1.0,0.0,1.0,0.0,1.0,0.0
0.0,-0.11806475343068525,-0.14518175743592676,0.0,0.0,1.0,1.0,0.0,0.0,0.0,1.0
0.0,-0.11806475343068525,-0.5101816642793399,0.0,1.0,0.0,0.0,1.0,0.0,0.0,1.0
0.0,-0.3551083561992969,-0.4039078036986007,0.0,0.0,1.0,0.0,1.0,0.0,1.0,0.0
1.0,-0.5921519589679086,-0.3852297700861446,0.0,0.0,1.0,1.0,0.0,0.0,0.0,1.0
0.0,-0.6711664932241125,-0.4939255490252989,0.0,0.0,1.0,0.0,1.0,0.0,0.0,1.0
1.0,-1.3822973015299476,0.13567983399457575,0.0,0.0,1.0,1.0,0.0,0.0,1.0,0.0
0.0,-0.11806475343068525,-0.5066369885671093,0.0,0.0,1.0,0.0,1.0,0.0,0.0,1.0
1.0,-0.5921519589679086,-0.4557912303998677,0.0,0.0,1.0,1.0,0.0,0.0,1.0,0.0
1.0,0.6720805891313537,-0.5236713552216693,1.0,0.0,0.0,1.0,0.0,0.0,0.0,1.0
1.0,-1.6193409042985591,-0.2477386893277872,0.0,0.0,1.0,0.0,1.0,0.0,0.0,1.0
0.0,-2.0144135755795785,-0.0946825805590496,0.0,0.0,1.0,0.0,1.0,0.0,0.0,1.0
1.0,-0.6711664932241125,-0.4557912303998677,0.0,0.0,1.0,1.0,0.0,0.0,1.0,0.0
0.0,-0.11806475343068525,-0.5066369885671093,0.0,0.0,1.0,0.0,1.0,0.0,0.0,1.0
0.0,-0.11806475343068525,-0.5098371583260434,0.0,0.0,1.0,0.0,1.0,0.0,0.0,1.0
0.0,-0.11806475343068525,-0.5066369885671093,0.0,0.0,1.0,0.0,1.0,0.0,0.0,1.0
1.0,0.435036986362742,-0.12814739078136675,0.0,0.0,1.0,0.0,1.0,1.0,0.0,0.0
0.0,0.11897884933792645,-0.5132095810616258,0.0,1.0,0.0,0.0,1.0,0.0,0.0,1.0
1.0,-0.9082100959927242,4.771464009752778,1.0,0.0,0.0,1.0,0.0,1.0,0.0,0.0
1.0,2.01532767148682,2.141146528975192,1.0,0.0,0.0,1.0,0.0,1.0,0.0,0.0
0.0,-0.11806475343068525,-0.5098371583260434,0.0,0.0,1.0,0.0,1.0,0.0,0.0,1.0
1.0,-0.11806475343068525,-0.05110050212998533,0.0,0.0,1.0,0.0,1.0,1.0,0.0,0.0
1.0,-0.276093821943093,-0.5092311599021726,0.0,0.0,1.0,1.0,0.0,0.0,0.0,1.0
1.0,-1.7773699728109669,-0.1289256421818858,0.0,0.0,1.0,1.0,0.0,0.0,1.0,0.0
0.0,0.11897884933792645,-0.5128629997712614,0.0,1.0,0.0,0.0,1.0,0.0,0.0,1.0
0.0,1.3041968631809848,0.9699653353509486,1.0,0.0,0.0,0.0,1.0,1.0,0.0,0.0
1.0,-0.3551083561992969,-0.4765446010803744,0.0,0.0,1.0,0.0,1.0,0.0,0.0,1.0
0.0,-0.039050219174481336,-0.4557912303998677,0.0,0.0,1.0,0.0,1.0,0.0,1.0,0.0
1.0,-0.11806475343068525,-0.3520243769973337,0.0,1.0,0.0,1.0,0.0,0.0,0.0,1.0
0.0,-1.1847609658894378,-0.37372825205500776,1.0,0.0,0.0,1.0,0.0,0.0,0.0,1.0
0.0,0.3560224521065381,-0.4039078036986007,0.0,0.0,1.0,0.0,1.0,0.0,1.0,0.0
0.0,-0.11806475343068525,-0.5098371583260434,0.0,0.0,1.0,0.0,1.0,0.0,0.0,1.0
1.0,-0.7501810274803163,-0.13411398485201248,0.0,0.0,1.0,1.0,0.0,0.0,1.0,0.0
0.0,0.19799338359413032,-0.3520243769973337,0.0,1.0,0.0,1.0,0.0,0.0,0.0,1.0
0.0,-0.9872246302489279,-0.4939255490252989,0.0,0.0,1.0,0.0,1.0,0.0,0.0,1.0
0.0,0.435036986362742,-0.5098371583260434,1.0,0.0,0.0,0.0,1.0,0.0,0.0,1.0
0.0,-0.3551083561992969,-0.5098371583260434,0.0,0.0,1.0,0.0,1.0,0.0,0.0,1.0
0.0,-0.11806475343068525,0.011159609911535029,0.0,0.0,1.0,0.0,1.0,0.0,1.0,0.0
0.0,-1.0662391645051321,-0.5066369885671093,0.0,0.0,1.0,0.0,1.0,0.0,0.0,1.0
1.0,-0.8291955617365203,-0.1282345549382249,0.0,0.0,1.0,1.0,0.0,1.0,0.0,0.0
0.0,-0.039050219174481336,-0.5123441655042487,0.0,0.0,1.0,0.0,1.0,0.0,0.0,1.0
0.0,-0.6711664932241125,-0.5118253312372361,0.0,0.0,1.0,0.0,1.0,0.0,0.0,1.0
0.0,0.5140515206189459,-0.0977955861611256,0.0,0.0,1.0,0.0,1.0,0.0,1.0,0.0
0.0,-2.1724426440919866,-0.024639954512339208,0.0,0.0,1.0,1.0,0.0,0.0,0.0,1.0
0.0,-0.9872246302489279,-0.5066369885671093,0.0,0.0,1.0,0.0,1.0,0.0,0.0,1.0
0.0,1.6202550002058005,-0.4039078036986007,0.0,0.0,1.0,0.0,1.0,0.0,1.0,0.0
0.0,-0.9082100959927242,1.5863404445620002,1.0,0.0,0.0,0.0,1.0,1.0,0.0,0.0
0.0,-0.11806475343068525,-0.5131224169047677,0.0,1.0,0.0,0.0,1.0,0.0,0.0,1.0
1.0,-0.19707928768688912,-0.5119124953940941,0.0,0.0,1.0,0.0,1.0,0.0,0.0,1.0
0.0,-0.11806475343068525,-0.4939255490252989,0.0,0.0,1.0,0.0,1.0,0.0,0.0,1.0
0.0,-1.4218045686580494,-0.37277774767784055,0.0,0.0,1.0,0.0,1.0,0.0,0.0,1.0
1.0,-0.9082100959927242,0.4283023605897215,0.0,0.0,1.0,1.0,0.0,1.0,0.0,0.0
0.0,1.0671532604123732,-0.5066369885671093,0.0,0.0,1.0,0.0,1.0,0.0,0.0,1.0
0.0,0.03996431508172255,-0.0977955861611256,1.0,0.0,0.0,0.0,1.0,1.0,0.0,0.0
1.0,0.03996431508172255,1.1214649413186482,0.0,0.0,1.0,1.0,0.0,1.0,0.0,0.0
0.0,0.6720805891313537,-0.4039078036986007,0.0,0.0,1.0,1.0,0.0,0.0,1.0,0.0
1.0,1.6992695344620043,0.14398118226677845,0.0,0.0,1.0,1.0,0.0,1.0,0.0,0.0
1.0,-1.856384507067171,-0.4148033233058667,0.0,0.0,1.0,0.0,1.0,0.0,0.0,1.0
1.0,-0.11806475343068525,-0.4039078036986007,0.0,0.0,1.0,1.0,0.0,0.0,1.0,0.0
0.0,0.7510951233875576,-0.024639954512339208,0.0,0.0,1.0,0.0,1.0,0.0,0.0,1.0
0.0,-0.11806475343068525,-0.521942599443983,0.0,0.0,1.0,0.0,1.0,0.0,0.0,1.0
0.0,-0.11806475343068525,-0.37277774767784055,0.0,0.0,1.0,0.0,1.0,0.0,0.0,1.0
1.0,0.27700791785033424,1.1941017387004218,0.0,1.0,0.0,1.0,0.0,1.0,0.0,0.0
0.0,-0.9872246302489279,-0.5236713552216693,1.0,0.0,0.0,0.0,1.0,0.0,0.0,1.0
1.0,0.19799338359413032,0.4987766567465864,0.0,0.0,1.0,0.0,1.0,0.0,0.0,1.0
1.0,-0.11806475343068525,1.6275006046326497,1.0,0.0,0.0,1.0,0.0,1.0,0.0,0.0
0.0,-0.11806475343068525,0.7696953082840581,0.0,0.0,1.0,1.0,0.0,0.0,0.0,1.0
1.0,-2.277792722615783,-0.37277774767784055,0.0,0.0,1.0,0.0,1.0,0.0,1.0,0.0
1.0,0.03996431508172255,-0.4173974946409301,0.0,1.0,0.0,1.0,0.0,0.0,1.0,0.0
0.0,-1.6193409042985591,-0.0946825805590496,0.0,0.0,1.0,1.0,0.0,0.0,0.0,1.0
1.0,2.5684294112802477,-0.4557912303998677,0.0,0.0,1.0,0.0,1.0,0.0,1.0,0.0
0.0,-2.1724426440919866,-0.4565694818003867,0.0,0.0,1.0,1.0,0.0,0.0,0.0,1.0
0.0,2.5684294112802477,-0.4726533440777794,0.0,1.0,0.0,0.0,1.0,0.0,1.0,0.0
1.0,0.9881387261561692,4.048209041537118,1.0,0.0,0.0,1.0,0.0,1.0,0.0,0.0
1.0,0.19799338359413032,-0.4039078036986007,0.0,0.0,1.0,1.0,0.0,0.0,1.0,0.0
0.0,-0.11806475343068525,-0.5128629997712614,0.0,1.0,0.0,0.0,1.0,0.0,0.0,1.0
1.0,-0.11806475343068525,0.4987766567465864,0.0,0.0,1.0,0.0,1.0,0.0,0.0,1.0
0.0,0.39552971923464,-0.5401017987894265,1.0,0.0,0.0,0.0,1.0,0.0,0.0,1.0
0.0,-0.5921519589679086,-0.4796576066824504,0.0,0.0,1.0,0.0,1.0,0.0,0.0,1.0
0.0,-0.276093821943093,-0.4039078036986007,0.0,0.0,1.0,0.0,1.0,0.0,1.0,0.0
0.0,-0.11806475343068525,-0.3520243769973337,0.0,1.0,0.0,0.0,1.0,0.0,0.0,1.0
1.0,-0.6711664932241125,-0.514938336839312,0.0,0.0,1.0,1.0,0.0,0.0,0.0,1.0
0.0,-0.11806475343068525,-0.5098371583260434,0.0,0.0,1.0,0.0,1.0,0.0,0.0,1.0
0.0,-0.9872246302489279,-0.5098371583260434,0.0,0.0,1.0,0.0,1.0,0.0,0.0,1.0
0.0,-0.9872246302489279,0.8516711224720599,0.0,0.0,1.0,0.0,1.0,0.0,1.0,0.0
0.0,-0.11806475343068525,-0.12269963097773373,0.0,0.0,1.0,0.0,1.0,1.0,0.0,0.0
0.0,-0.11806475343068525,-0.5112193328133652,0.0,1.0,0.0,0.0,1.0,0.0,0.0,1.0
1.0,-0.4341228904555008,-0.13411398485201248,0.0,0.0,1.0,1.0,0.0,0.0,1.0,0.0
1.0,-0.8291955617365203,-0.05110050212998533,0.0,0.0,1.0,1.0,0.0,1.0,0.0,0.0
1.0,0.5140515206189459,1.8167028591156256,0.0,0.0,1.0,0.0,1.0,1.0,0.0,0.0
0.0,0.03996431508172255,-0.4939255490252989,0.0,0.0,1.0,1.0,0.0,0.0,0.0,1.0
1.0,0.11897884933792645,0.5092405062436979,0.0,0.0,1.0,0.0,1.0,1.0,0.0,0.0
0.0,0.5140515206189459,-0.5098371583260434,0.0,0.0,1.0,0.0,1.0,0.0,0.0,1.0
1.0,0.11897884933792645,1.6771364412892176,1.0,0.0,0.0,1.0,0.0,1.0,0.0,0.0
1.0,-1.4613118357861514,1.8167028591156256,0.0,0.0,1.0,0.0,1.0,1.0,0.0,0.0
0.0,0.11897884933792645,0.09426025679042024,1.0,0.0,0.0,0.0,1.0,0.0,1.0,0.0
0.0,1.383211397437189,-0.3624010623375871,0.0,0.0,1.0,0.0,1.0,0.0,1.0,0.0
0.0,-0.11806475343068525,-0.4928878804912736,1.0,0.0,0.0,0.0,1.0,0.0,0.0,1.0
0.0,-2.1724426440919866,0.14994777633742418,0.0,0.0,1.0,0.0,1.0,0.0,0.0,1.0
0.0,-0.4341228904555008,-0.3395723545890296,0.0,0.0,1.0,0.0,1.0,0.0,0.0,1.0
1.0,1.936313137230616,0.5590485958769141,1.0,0.0,0.0,1.0,0.0,1.0,0.0,0.0
0.0,0.19799338359413032,-0.4039078036986007,0.0,0.0,1.0,0.0,1.0,0.0,1.0,0.0
0.0,1.936313137230616,-0.3831544330180939,0.0,0.0,1.0,0.0,1.0,0.0,1.0,0.0
0.0,0.8696169247718634,-0.37277774767784055,0.0,0.0,1.0,0.0,1.0,0.0,0.0,1.0
1.0,-1.0662391645051321,1.1214649413186482,0.0,0.0,1.0,1.0,0.0,1.0,0.0,0.0
1.0,-0.4341228904555008,-0.4557912303998677,0.0,0.0,1.0,0.0,1.0,0.0,1.0,0.0
0.0,-0.6711664932241125,-0.5123441655042487,0.0,0.0,1.0,0.0,1.0,0.0,0.0,1.0
0.0,-0.11806475343068525,-0.5128629997712614,0.0,1.0,0.0,0.0,1.0,0.0,0.0,1.0
1.0,1.936313137230616,0.9505962144948316,1.0,0.0,0.0,1.0,0.0,1.0,0.0,0.0
0.0,2.252371274255432,-0.05732651333413737,1.0,0.0,0.0,0.0,1.0,1.0,0.0,0.0
0.0,0.7510951233875576,-0.13411398485201248,0.0,0.0,1.0,0.0,1.0,0.0,1.0,0.0
0.0,-1.3032827672737437,-0.2534458662649265,0.0,0.0,1.0,0.0,1.0,0.0,0.0,1.0
1.0,-1.0662391645051321,-0.5128629997712614,0.0,1.0,0.0,1.0,0.0,0.0,0.0,1.0
0.0,-0.3551083561992969,2.4714717040856153,0.0,0.0,1.0,1.0,0.0,1.0,0.0,0.0
0.0,-0.11806475343068525,-0.5170136739073626,0.0,0.0,1.0,0.0,1.0,0.0,0.0,1.0
0.0,2.4894148770240427,-0.4173974946409301,0.0,1.0,0.0,0.0,1.0,0.0,1.0,0.0
1.0,-0.5921519589679086,-0.07185387281049213,0.0,0.0,1.0,1.0,0.0,0.0,1.0,0.0
1.0,-0.11806475343068525,0.40262006437259423,0.0,0.0,1.0,1.0,0.0,1.0,0.0,0.0
0.0,-2.1724426440919866,-0.06925970147542877,0.0,1.0,0.0,0.0,1.0,0.0,0.0,1.0
1.0,-0.11806475343068525,-0.5128629997712614,0.0,1.0,0.0,1.0,0.0,0.0,0.0,1.0
1.0,-0.7501810274803163,-0.5092311599021726,0.0,0.0,1.0,0.0,1.0,0.0,0.0,1.0
0.0,-0.11806475343068525,0.7696953082840581,0.0,0.0,1.0,1.0,0.0,0.0,0.0,1.0
0.0,-0.7501810274803163,-0.5273903592476161,0.0,0.0,1.0,0.0,1.0,0.0,0.0,1.0
1.0,-0.19707928768688912,4.463189290990394,1.0,0.0,0.0,1.0,0.0,1.0,0.0,0.0
1.0,-0.8291955617365203,-0.4557912303998677,0.0,0.0,1.0,0.0,1.0,0.0,1.0,0.0
0.0,-0.11806475343068525,-0.13411398485201248,0.0,0.0,1.0,0.0,1.0,1.0,0.0,0.0
1.0,-0.9082100959927242,0.9793043521571768,0.0,0.0,1.0,1.0,0.0,1.0,0.0,0.0
1.0,-0.11806475343068525,2.3670988522592102,1.0,0.0,0.0,1.0,0.0,1.0,0.0,0.0
0.0,0.19799338359413032,-0.5092311599021726,0.0,0.0,1.0,0.0,1.0,0.0,0.0,1.0
0.0,-0.5921519589679086,-0.5236713552216693,1.0,0.0,0.0,0.0,1.0,0.0,0.0,1.0
1.0,-0.7501810274803163,-0.3860080214866636,1.0,0.0,0.0,0.0,1.0,0.0,1.0,0.0
1.0,-0.5921519589679086,-0.5237585193785274,1.0,0.0,0.0,0.0,1.0,0.0,0.0,1.0
1.0,1.4622259316933923,0.9699653353509486,1.0,0.0,0.0,1.0,0.0,1.0,0.0,0.0
0.0,-0.11806475343068525,0.4987766567465864,0.0,0.0,1.0,0.0,1.0,0.0,0.0,1.0
0.0,-0.11806475343068525,0.3639669114801504,0.0,0.0,1.0,0.0,1.0,1.0,0.0,0.0
0.0,1.6992695344620043,-0.527303195090758,0.0,0.0,1.0,0.0,1.0,0.0,0.0,1.0
0.0,1.936313137230616,0.40262006437259423,0.0,0.0,1.0,0.0,1.0,1.0,0.0,0.0
0.0,-0.11806475343068525,-0.673701622545189,0.0,0.0,1.0,0.0,1.0,1.0,0.0,0.0
1.0,1.5412404659495964,-0.673701622545189,0.0,0.0,1.0,0.0,1.0,1.0,0.0,0.0
0.0,-0.11806475343068525,-0.5128629997712614,0.0,1.0,0.0,1.0,0.0,0.0,0.0,1.0
1.0,1.8572986029744118,-0.1041087615221358,1.0,0.0,0.0,1.0,0.0,1.0,0.0,0.0
0.0,-1.6983554385547632,-0.2363243354535084,0.0,0.0,1.0,1.0,0.0,0.0,0.0,1.0
0.0,1.3041968631809848,0.8878172681862985,1.0,0.0,0.0,0.0,1.0,1.0,0.0,0.0
0.0,-2.1724426440919866,-0.2542241176654456,0.0,0.0,1.0,1.0,0.0,0.0,0.0,1.0
0.0,-0.3551083561992969,-0.4557912303998677,0.0,0.0,1.0,0.0,1.0,0.0,1.0,0.0
0.0,0.03996431508172255,-0.5066369885671093,0.0,0.0,1.0,0.0,1.0,0.0,0.0,1.0
1.0,-0.11806475343068525,-0.5122570013473906,0.0,1.0,0.0,1.0,0.0,0.0,0.0,1.0
0.0,-0.11806475343068525,-0.5098371583260434,0.0,0.0,1.0,0.0,1.0,0.0,0.0,1.0
1.0,-0.11806475343068525,-0.5128629997712614,0.0,1.0,0.0,0.0,1.0,0.0,0.0,1.0
0.0,0.03996431508172255,-0.17250772061095007,0.0,0.0,1.0,1.0,0.0,0.0,0.0,1.0
0.0,-0.11806475343068525,-0.14518175743592676,0.0,0.0,1.0,1.0,0.0,0.0,0.0,1.0
1.0,-0.11806475343068525,0.4677337648826844,0.0,0.0,1.0,1.0,0.0,1.0,0.0,0.0
0.0,-0.5131374247117046,-0.4039078036986007,0.0,0.0,1.0,0.0,1.0,0.0,1.0,0.0
0.0,3.5166038223546936,-0.5123441655042487,0.0,0.0,1.0,0.0,1.0,0.0,0.0,1.0
0.0,-0.8291955617365203,-0.5043893985224104,0.0,0.0,1.0,0.0,1.0,0.0,0.0,1.0
0.0,-0.11806475343068525,-0.14518175743592676,0.0,0.0,1.0,1.0,0.0,0.0,0.0,1.0
0.0,-0.11806475343068525,-0.5066369885671093,0.0,0.0,1.0,0.0,1.0,0.0,0.0,1.0
1.0,-2.2514571783481903,-0.34700828730385525,1.0,0.0,0.0,1.0,0.0,0.0,0.0,1.0
0.0,-0.5921519589679086,-0.019970446109225156,0.0,0.0,1.0,0.0,1.0,0.0,1.0,0.0
0.0,-0.11806475343068525,-0.5119124953940941,0.0,0.0,1.0,0.0,1.0,0.0,0.0,1.0
0.0,-0.11806475343068525,0.14813185640287985,1.0,0.0,0.0,0.0,1.0,1.0,0.0,0.0
1.0,-0.276093821943093,-0.05110050212998533,1.0,0.0,0.0,0.0,1.0,1.0,0.0,0.0
0.0,-0.4341228904555008,4.463189290990394,1.0,0.0,0.0,0.0,1.0,1.0,0.0,0.0
1.0,0.03996431508172255,-0.4093555635022337,1.0,0.0,0.0,0.0,1.0,0.0,1.0,0.0
0.0,0.9091241918999654,-0.4039078036986007,0.0,0.0,1.0,0.0,1.0,0.0,1.0,0.0
0.0,2.9635020825612663,3.9289643242810617,0.0,0.0,1.0,0.0,1.0,1.0,0.0,0.0
0.0,1.146167794668577,-0.13411398485201248,0.0,0.0,1.0,1.0,0.0,0.0,1.0,0.0
1.0,-0.7501810274803163,-0.5236713552216693,1.0,0.0,0.0,0.0,1.0,0.0,0.0,1.0
1.0,-2.2580390890517323,-0.0977955861611256,0.0,0.0,1.0,1.0,0.0,0.0,1.0,0.0
1.0,-2.2514571783481903,0.09426025679042024,1.0,0.0,0.0,0.0,1.0,0.0,1.0,0.0
1.0,1.225182328924781,0.4169751708723009,0.0,0.0,1.0,1.0,0.0,1.0,0.0,0.0
0.0,-0.276093821943093,-0.24670102079376185,0.0,0.0,1.0,0.0,1.0,0.0,0.0,1.0
1.0,-0.11806475343068525,0.063043036612802,0.0,0.0,1.0,0.0,1.0,1.0,0.0,0.0
0.0,-0.039050219174481336,-0.2378808382545464,0.0,0.0,1.0,0.0,1.0,0.0,1.0,0.0
0.0,-0.8687028288646222,-0.5236713552216693,1.0,0.0,0.0,0.0,1.0,0.0,0.0,1.0
0.0,2.01532767148682,-0.040723816789731936,0.0,0.0,1.0,0.0,1.0,1.0,0.0,0.0
0.0,0.11897884933792645,0.37425643266354575,0.0,0.0,1.0,0.0,1.0,1.0,0.0,0.0
0.0,-0.11806475343068525,-0.1870350800873048,0.0,0.0,1.0,0.0,1.0,0.0,0.0,1.0
0.0,0.5930660548751497,-0.13411398485201248,0.0,0.0,1.0,0.0,1.0,0.0,1.0,0.0
1.0,0.19799338359413032,-0.13411398485201248,0.0,0.0,1.0,0.0,1.0,0.0,1.0,0.0
0.0,-0.8291955617365203,4.7844348664280965,0.0,0.0,1.0,0.0,1.0,1.0,0.0,0.0
1.0,-2.2646289012086998,-0.4796576066824504,0.0,0.0,1.0,0.0,1.0,0.0,0.0,1.0
0.0,-0.11806475343068525,-0.3613633938035618,1.0,0.0,0.0,0.0,1.0,0.0,1.0,0.0
0.0,-0.276093821943093,-0.5098371583260434,0.0,0.0,1.0,0.0,1.0,0.0,0.0,1.0
1.0,-0.5921519589679086,-0.513381834038274,0.0,1.0,0.0,1.0,0.0,0.0,0.0,1.0
0.0,-0.3551083561992969,-0.13411398485201248,1.0,0.0,0.0,0.0,1.0,1.0,0.0,0.0
1.0,0.27700791785033424,2.4714717040856153,0.0,0.0,1.0,1.0,0.0,1.0,0.0,0.0
0.0,1.7782840687182082,-0.4039078036986007,0.0,0.0,1.0,0.0,1.0,0.0,1.0,0.0
0.0,-0.11806475343068525,0.0526663512725486,0.0,0.0,1.0,0.0,1.0,1.0,0.0,0.0
0.0,-0.11806475343068525,-0.5098371583260434,0.0,0.0,1.0,0.0,1.0,0.0,0.0,1.0
1.0,0.03996431508172255,-0.4039078036986007,0.0,0.0,1.0,1.0,0.0,0.0,1.0,0.0
1.0,-0.11806475343068525,-0.5236713552216693,1.0,0.0,0.0,1.0,0.0,0.0,0.0,1.0
1.0,1.5412404659495964,0.9186879070735524,1.0,0.0,0.0,1.0,0.0,1.0,0.0,0.0
1.0,2.647443945536451,-0.4747286811458302,0.0,0.0,1.0,1.0,0.0,0.0,0.0,1.0
0.0,1.225182328924781,-0.12269963097773373,0.0,0.0,1.0,0.0,1.0,1.0,0.0,0.0
0.0,-2.0144135755795785,-0.024639954512339208,0.0,0.0,1.0,0.0,1.0,0.0,0.0,1.0
1.0,-1.3822973015299476,-0.44039845536613575,1.0,0.0,0.0,0.0,1.0,0.0,0.0,1.0
1.0,1.146167794668577,0.5295622068140501,1.0,0.0,0.0,1.0,0.0,1.0,0.0,0.0
0.0,0.9091241918999654,-0.3809068429733951,0.0,0.0,1.0,0.0,1.0,0.0,0.0,1.0
0.0,0.19799338359413032,-0.5092311599021726,0.0,0.0,1.0,0.0,1.0,0.0,0.0,1.0
0.0,-0.11806475343068525,3.9289643242810617,0.0,0.0,1.0,0.0,1.0,1.0,0.0,0.0
0.0,-0.11806475343068525,-0.5132946698814159,0.0,1.0,0.0,0.0,1.0,0.0,0.0,1.0
0.0,-0.276093821943093,-0.5100094113026917,0.0,0.0,1.0,0.0,1.0,0.0,0.0,1.0
0.0,-0.276093821943093,-0.5123441655042487,0.0,0.0,1.0,0.0,1.0,0.0,0.0,1.0
0.0,-1.6193409042985591,0.039695494597231866,0.0,0.0,1.0,1.0,0.0,0.0,0.0,1.0
1.0,-0.5921519589679086,-0.5232396851115148,0.0,0.0,1.0,1.0,0.0,0.0,0.0,1.0
0.0,-0.9082100959927242,-0.4039078036986007,0.0,0.0,1.0,1.0,0.0,0.0,1.0,0.0
0.0,0.5140515206189459,-0.5181385065982462,0.0,0.0,1.0,0.0,1.0,0.0,0.0,1.0
0.0,-0.11806475343068525,-0.2593252961787141,0.0,0.0,1.0,0.0,1.0,0.0,0.0,1.0
0.0,-0.11806475343068525,-0.5128629997712614,0.0,1.0,0.0,0.0,1.0,0.0,0.0,1.0
0.0,-0.8291955617365203,-0.4557912303998677,0.0,0.0,1.0,0.0,1.0,0.0,1.0,0.0
0.0,-0.9082100959927242,-0.5119124953940941,0.0,0.0,1.0,0.0,1.0,0.0,0.0,1.0
0.0,-0.11806475343068525,-0.22378514888834616,1.0,0.0,0.0,0.0,1.0,0.0,0.0,1.0
0.0,0.27700791785033424,-0.5699347691426551,0.0,0.0,1.0,0.0,1.0,1.0,0.0,0.0
0.0,2.805473014048858,-0.12269963097773373,0.0,0.0,1.0,0.0,1.0,1.0,0.0,0.0
1.0,0.03996431508172255,-0.38609518564352174,1.0,0.0,0.0,1.0,0.0,0.0,1.0,0.0
1.0,-0.6711664932241125,-0.2378808382545464,0.0,0.0,1.0,1.0,0.0,0.0,1.0,0.0
0.0,-0.8291955617365203,-0.5066369885671093,0.0,0.0,1.0,0.0,1.0,0.0,0.0,1.0
1.0,-0.4341228904555008,4.7844348664280965,0.0,0.0,1.0,1.0,0.0,1.0,0.0,0.0
0.0,0.9881387261561692,-0.1133606141715057,0.0,0.0,1.0,0.0,1.0,0.0,1.0,0.0
1.0,0.9881387261561692,-0.4039078036986007,0.0,0.0,1.0,0.0,1.0,0.0,1.0,0.0
0.0,-0.039050219174481336,-0.5066369885671093,0.0,0.0,1.0,0.0,1.0,0.0,0.0,1.0
1.0,-0.039050219174481336,3.9289643242810617,0.0,0.0,1.0,1.0,0.0,1.0,0.0,0.0
0.0,0.9881387261561692,0.2083166313763495,0.0,0.0,1.0,0.0,1.0,1.0,0.0,0.0
0.0,-0.11806475343068525,-0.3395723545890296,0.0,0.0,1.0,0.0,1.0,0.0,0.0,1.0
1.0,-0.4341228904555008,0.6752674716877523,0.0,0.0,1.0,1.0,0.0,0.0,1.0,0.0
0.0,-0.276093821943093,-0.5107004985463526,0.0,0.0,1.0,0.0,1.0,0.0,0.0,1.0
0.0,-0.3551083561992969,-0.5123441655042487,0.0,0.0,1.0,1.0,0.0,0.0,0.0,1.0
0.0,0.7510951233875576,-0.5236713552216693,1.0,0.0,0.0,0.0,1.0,0.0,0.0,1.0
0.0,-0.11806475343068525,-0.5098371583260434,0.0,0.0,1.0,0.0,1.0,0.0,0.0,1.0
0.0,-0.5921519589679086,-0.5098371583260434,0.0,0.0,1.0,0.0,1.0,0.0,0.0,1.0
0.0,-0.11806475343068525,-0.1870350800873048,0.0,0.0,1.0,1.0,0.0,0.0,0.0,1.0
1.0,-0.11806475343068525,-0.1911857542234061,0.0,1.0,0.0,0.0,1.0,0.0,0.0,1.0
0.0,2.094342205743024,-0.12269963097773373,0.0,0.0,1.0,0.0,1.0,1.0,0.0,0.0
0.0,-0.11806475343068525,-0.5128629997712614,0.0,1.0,0.0,0.0,1.0,0.0,0.0,1.0
0.0,0.5140515206189459,-0.016251442083278302,1.0,0.0,0.0,1.0,0.0,1.0,0.0,0.0
0.0,-0.11806475343068525,0.7696953082840581,0.0,0.0,1.0,1.0,0.0,0.0,0.0,1.0
1.0,-0.11806475343068525,-0.5101816642793399,0.0,1.0,0.0,1.0,0.0,0.0,0.0,1.0
0.0,-0.11806475343068525,-0.5401017987894265,1.0,0.0,0.0,0.0,1.0,0.0,0.0,1.0
0.0,0.5930660548751497,-0.4747286811458302,0.0,0.0,1.0,1.0,0.0,0.0,0.0,1.0
1.0,0.435036986362742,-0.12269963097773373,1.0,0.0,0.0,0.0,1.0,1.0,0.0,0.0
0.0,-1.3032827672737437,-0.022305200310782185,0.0,0.0,1.0,0.0,1.0,0.0,0.0,1.0
1.0,0.19799338359413032,-0.5164076754834919,0.0,0.0,1.0,0.0,1.0,0.0,0.0,1.0
0.0,-0.19707928768688912,-0.13411398485201248,0.0,0.0,1.0,0.0,1.0,0.0,1.0,0.0
1.0,0.435036986362742,2.141146528975192,0.0,0.0,1.0,1.0,0.0,1.0,0.0,0.0
0.0,0.03996431508172255,-0.4039078036986007,0.0,0.0,1.0,0.0,1.0,0.0,1.0,0.0
0.0,0.19799338359413032,-0.5066369885671093,0.0,0.0,1.0,0.0,1.0,0.0,0.0,1.0
0.0,-0.11806475343068525,-0.5098371583260434,0.0,0.0,1.0,0.0,1.0,0.0,0.0,1.0
0.0,-0.11806475343068525,-0.5232396851115148,0.0,0.0,1.0,0.0,1.0,0.0,0.0,1.0
1.0,1.146167794668577,-0.5092311599021726,0.0,0.0,1.0,0.0,1.0,0.0,0.0,1.0
1.0,-2.0934281098357825,-0.13411398485201248,0.0,0.0,1.0,0.0,1.0,0.0,1.0,0.0
0.0,-0.11806475343068525,-0.5170136739073626,0.0,0.0,1.0,0.0,1.0,0.0,0.0,1.0
0.0,0.03996431508172255,-0.4039078036986007,0.0,0.0,1.0,0.0,1.0,0.0,1.0,0.0
0.0,0.27700791785033424,-0.4940978020019472,0.0,0.0,1.0,0.0,1.0,0.0,0.0,1.0
0.0,-1.6983554385547632,-0.06925970147542877,0.0,1.0,0.0,0.0,1.0,0.0,0.0,1.0
0.0,-0.4341228904555008,-0.4039078036986007,0.0,0.0,1.0,1.0,0.0,0.0,1.0,0.0
1.0,0.9091241918999654,2.117626733982974,1.0,0.0,0.0,1.0,0.0,1.0,0.0,0.0
0.0,0.07947158220982449,-0.5066369885671093,0.0,0.0,1.0,0.0,1.0,0.0,0.0,1.0
0.0,-0.5921519589679086,-0.5258338564465781,0.0,0.0,1.0,0.0,1.0,0.0,0.0,1.0
0.0,1.383211397437189,0.03234465070219638,0.0,0.0,1.0,0.0,1.0,1.0,0.0,0.0
0.0,1.0671532604123732,0.29963146237057936,0.0,0.0,1.0,1.0,0.0,0.0,0.0,1.0
1.0,-1.9353990413233748,-0.0977955861611256,0.0,0.0,1.0,1.0,0.0,0.0,1.0,0.0
0.0,-0.9082100959927242,-0.3042916244321681,0.0,0.0,1.0,1.0,0.0,0.0,0.0,1.0
1.0,-0.039050219174481336,-0.5098371583260434,1.0,0.0,0.0,0.0,1.0,0.0,0.0,1.0
0.0,-0.19707928768688912,-0.37372825205500776,1.0,0.0,0.0,0.0,1.0,0.0,0.0,1.0
1.0,-0.11806475343068525,-0.5128629997712614,0.0,1.0,0.0,1.0,0.0,0.0,0.0,1.0
1.0,1.7782840687182082,1.2667385360821957,0.0,0.0,1.0,1.0,0.0,1.0,0.0,0.0
0.0,-0.4341228904555008,-0.5123441655042487,0.0,0.0,1.0,0.0,1.0,0.0,0.0,1.0
0.0,-0.6711664932241125,-0.4939255490252989,0.0,0.0,1.0,1.0,0.0,0.0,0.0,1.0
1.0,0.5140515206189459,1.8167028591156256,0.0,0.0,1.0,1.0,0.0,1.0,0.0,0.0
0.0,-0.11806475343068525,-0.5066369885671093,0.0,0.0,1.0,0.0,1.0,0.0,0.0,1.0
1.0,-2.2514571783481903,0.13567983399457575,0.0,0.0,1.0,0.0,1.0,0.0,1.0,0.0
0.0,-0.5921519589679086,-0.5232396851115148,0.0,0.0,1.0,0.0,1.0,0.0,0.0,1.0
1.0,-0.11806475343068525,-0.5128629997712614,0.0,1.0,0.0,1.0,0.0,0.0,0.0,1.0
0.0,-0.6711664932241125,-0.5132095810616258,0.0,1.0,0.0,0.0,1.0,0.0,0.0,1.0
0.0,-0.19707928768688912,-0.5101816642793399,0.0,1.0,0.0,1.0,0.0,0.0,0.0,1.0
0.0,0.8301096576437614,-0.4770634353473871,0.0,0.0,1.0,1.0,0.0,0.0,0.0,1.0
0.0,-0.11806475343068525,0.7696953082840581,0.0,0.0,1.0,1.0,0.0,0.0,0.0,1.0
0.0,-0.039050219174481336,-0.05110050212998533,0.0,0.0,1.0,0.0,1.0,1.0,0.0,0.0
0.0,-0.039050219174481336,-0.4565694818003867,0.0,0.0,1.0,1.0,0.0,0.0,0.0,1.0
1.0,-0.8291955617365203,-0.4039078036986007,0.0,0.0,1.0,1.0,0.0,0.0,1.0,0.0
0.0,-0.6711664932241125,-0.5066369885671093,0.0,0.0,1.0,0.0,1.0,0.0,0.0,1.0
0.0,-1.4613118357861514,0.29963146237057936,0.0,0.0,1.0,0.0,1.0,0.0,0.0,1.0
0.0,-0.276093821943093,-0.5123441655042487,0.0,0.0,1.0,0.0,1.0,0.0,0.0,1.0
0.0,-0.9082100959927242,-0.37372825205500776,1.0,0.0,0.0,0.0,1.0,0.0,0.0,1.0
1.0,-0.9082100959927242,-0.5066369885671093,0.0,0.0,1.0,1.0,0.0,0.0,0.0,1.0
1.0,0.435036986362742,0.40547365284116405,0.0,0.0,1.0,1.0,0.0,1.0,0.0,0.0
0.0,-1.5403263700423553,-0.0946825805590496,0.0,0.0,1.0,0.0,1.0,0.0,0.0,1.0
0.0,-0.7501810274803163,-0.5066369885671093,0.0,0.0,1.0,0.0,1.0,0.0,0.0,1.0
1.0,0.6720805891313537,1.1941017387004218,0.0,0.0,1.0,0.0,1.0,1.0,0.0,0.0
1.0,-2.0144135755795785,-0.19637409689353286,0.0,0.0,1.0,1.0,0.0,0.0,1.0,0.0
1.0,-0.9082100959927242,0.5715006182852183,0.0,0.0,1.0,1.0,0.0,1.0,0.0,0.0
1.0,3.6746328908671018,0.9627016556127712,0.0,0.0,1.0,1.0,0.0,1.0,0.0,0.0
1.0,1.8572986029744118,-0.08223055815074551,1.0,0.0,0.0,0.0,1.0,1.0,0.0,0.0
0.0,2.173356739999228,-0.4557912303998677,0.0,0.0,1.0,1.0,0.0,0.0,1.0,0.0
0.0,0.3560224521065381,-0.4039078036986007,0.0,0.0,1.0,0.0,1.0,0.0,1.0,0.0
0.0,-0.11806475343068525,-0.5284280277816414,0.0,0.0,1.0,0.0,1.0,0.0,0.0,1.0
0.0,-0.4341228904555008,-0.4900342920227038,0.0,0.0,1.0,1.0,0.0,0.0,0.0,1.0
0.0,3.2005456853298777,0.7997876957707929,0.0,0.0,1.0,0.0,1.0,1.0,0.0,0.0
0.0,-0.4341228904555008,-0.4801764409494632,0.0,0.0,1.0,0.0,1.0,0.0,0.0,1.0
1.0,-0.276093821943093,-0.07185387281049213,0.0,0.0,1.0,0.0,1.0,0.0,1.0,0.0
1.0,-0.9082100959927242,-0.19637409689353286,0.0,0.0,1.0,1.0,0.0,0.0,1.0,0.0
1.0,0.03996431508172255,2.7478381154267195,0.0,0.0,1.0,1.0,0.0,1.0,0.0,0.0
1.0,1.5412404659495964,1.175510869244824,1.0,0.0,0.0,0.0,1.0,1.0,0.0,0.0
1.0,0.7510951233875576,-0.5092311599021726,0.0,0.0,1.0,0.0,1.0,0.0,0.0,1.0
1.0,-0.19707928768688912,0.4283023605897215,0.0,0.0,1.0,0.0,1.0,1.0,0.0,0.0
0.0,-0.11806475343068525,-0.5066369885671093,0.0,0.0,1.0,0.0,1.0,0.0,0.0,1.0
0.0,-0.6711664932241125,-0.4986822215852711,0.0,0.0,1.0,0.0,1.0,0.0,0.0,1.0
1.0,-0.11806475343068525,-0.5128629997712614,0.0,1.0,0.0,0.0,1.0,0.0,0.0,1.0
0.0,0.9091241918999654,-0.5107876627032106,0.0,0.0,1.0,0.0,1.0,0.0,0.0,1.0
1.0,0.435036986362742,1.058685995010115,0.0,0.0,1.0,1.0,0.0,1.0,0.0,0.0
0.0,-0.3551083561992969,-0.5273903592476161,0.0,0.0,1.0,0.0,1.0,0.0,0.0,1.0
0.0,-0.039050219174481336,-0.5092311599021726,0.0,0.0,1.0,1.0,0.0,0.0,0.0,1.0
0.0,-0.6711664932241125,-0.5066369885671093,0.0,0.0,1.0,0.0,1.0,0.0,0.0,1.0
1.0,-0.11806475343068525,-0.3572998838243186,1.0,0.0,0.0,1.0,0.0,0.0,0.0,1.0
0.0,-0.11806475343068525,-0.673701622545189,0.0,0.0,1.0,0.0,1.0,0.0,1.0,0.0
0.0,-0.11806475343068525,-0.5128629997712614,0.0,1.0,0.0,1.0,0.0,0.0,0.0,1.0
1.0,0.03996431508172255,-0.030347131449478544,1.0,0.0,0.0,1.0,0.0,1.0,0.0,0.0
0.0,0.27700791785033424,-0.5066369885671093,0.0,0.0,1.0,0.0,1.0,0.0,0.0,1.0
0.0,0.9881387261561692,-0.4939255490252989,0.0,0.0,1.0,0.0,1.0,0.0,0.0,1.0
0.0,1.7782840687182082,0.9793043521571768,0.0,0.0,1.0,0.0,1.0,1.0,0.0,0.0
0.0,-0.8291955617365203,-0.37277774767784055,0.0,0.0,1.0,0.0,1.0,0.0,0.0,1.0
0.0,-0.276093821943093,-0.4557912303998677,0.0,0.0,1.0,0.0,1.0,0.0,1.0,0.0
1.0,-0.11806475343068525,-0.13947458049878736,1.0,0.0,0.0,0.0,1.0,1.0,0.0,0.0
0.0,-0.7501810274803163,-0.4697997556092098,0.0,0.0,1.0,1.0,0.0,0.0,0.0,1.0
0.0,-0.11806475343068525,-0.4557912303998677,0.0,0.0,1.0,0.0,1.0,0.0,1.0,0.0
1.0,0.435036986362742,1.1941017387004218,0.0,0.0,1.0,1.0,0.0,1.0,0.0,0.0
1.0,1.225182328924781,-0.5066369885671093,0.0,0.0,1.0,0.0,1.0,0.0,0.0,1.0
0.0,-0.039050219174481336,-0.5092311599021726,0.0,0.0,1.0,0.0,1.0,0.0,0.0,1.0
1.0,-0.3551083561992969,-0.05110050212998533,0.0,0.0,1.0,1.0,0.0,0.0,1.0,0.0
1.0,-0.9082100959927242,-0.4039078036986007,0.0,0.0,1.0,1.0,0.0,0.0,1.0,0.0
0.0,1.2646895960528828,-0.5237585193785274,1.0,0.0,0.0,0.0,1.0,0.0,0.0,1.0
1.0,0.27700791785033424,-0.13411398485201248,0.0,0.0,1.0,1.0,0.0,0.0,1.0,0.0
1.0,0.6720805891313537,0.8056671256845804,1.0,0.0,0.0,1.0,0.0,1.0,0.0,0.0
0.0,-0.11806475343068525,-0.5236713552216693,1.0,0.0,0.0,0.0,1.0,0.0,0.0,1.0
1.0,-0.11806475343068525,0.4987766567465864,0.0,0.0,1.0,0.0,1.0,0.0,0.0,1.0
0.0,-0.11806475343068525,-0.673701622545189,0.0,0.0,1.0,0.0,1.0,0.0,1.0,0.0
1.0,-0.9082100959927242,-0.5123441655042487,0.0,0.0,1.0,1.0,0.0,0.0,0.0,1.0
0.0,-0.7501810274803163,-0.5107004985463526,0.0,0.0,1.0,0.0,1.0,0.0,0.0,1.0
1.0,-0.11806475343068525,-0.016166353263488278,0.0,0.0,1.0,1.0,0.0,1.0,0.0,0.0
0.0,0.9091241918999654,-0.2542241176654456,0.0,0.0,1.0,1.0,0.0,0.0,0.0,1.0
1.0,-0.8291955617365203,-0.13411398485201248,0.0,0.0,1.0,1.0,0.0,0.0,1.0,0.0
0.0,-0.6711664932241125,-0.5128629997712614,0.0,1.0,0.0,0.0,1.0,0.0,0.0,1.0
0.0,0.03996431508172255,-0.3509867084633084,0.0,0.0,1.0,1.0,0.0,0.0,0.0,1.0
0.0,3.24005295245798,-0.5128629997712614,0.0,1.0,0.0,0.0,1.0,0.0,0.0,1.0
0.0,-0.11806475343068525,-0.673701622545189,0.0,0.0,1.0,0.0,1.0,1.0,0.0,0.0
0.0,-0.11806475343068525,-0.3736431632352176,1.0,0.0,0.0,0.0,1.0,0.0,0.0,1.0
1.0,-0.039050219174481336,-0.21660863330702695,0.0,0.0,1.0,0.0,1.0,0.0,0.0,1.0
1.0,-1.6983554385547632,0.0007829245712816348,0.0,0.0,1.0,0.0,1.0,0.0,1.0,0.0
1.0,0.7510951233875576,1.6275006046326497,1.0,0.0,0.0,1.0,0.0,1.0,0.0,0.0
0.0,-0.11806475343068525,-0.17250772061095007,0.0,1.0,0.0,0.0,1.0,0.0,0.0,1.0
0.0,-0.11806475343068525,-0.5128629997712614,0.0,1.0,0.0,0.0,1.0,0.0,0.0,1.0
0.0,1.146167794668577,-0.3395723545890296,0.0,0.0,1.0,0.0,1.0,0.0,0.0,1.0
1.0,1.6202550002058005,-0.13411398485201248,0.0,0.0,1.0,1.0,0.0,0.0,1.0,0.0
0.0,0.7510951233875576,-0.17250772061095007,0.0,0.0,1.0,0.0,1.0,0.0,0.0,1.0
1.0,-0.9082100959927242,-0.4694531743188453,0.0,0.0,1.0,1.0,0.0,0.0,0.0,1.0
0.0,-0.11806475343068525,-0.5098371583260434,0.0,0.0,1.0,0.0,1.0,0.0,0.0,1.0
1.0,-0.5921519589679086,2.4714717040856153,0.0,0.0,1.0,1.0,0.0,1.0,0.0,0.0
0.0,-0.11806475343068525,-0.2062319479667736,0.0,0.0,1.0,0.0,1.0,0.0,0.0,1.0
0.0,-0.11806475343068525,-0.5128629997712614,0.0,1.0,0.0,0.0,1.0,0.0,0.0,1.0
0.0,-0.11806475343068525,-0.030347131449478544,0.0,0.0,1.0,0.0,1.0,1.0,0.0,0.0
1.0,1.383211397437189,-0.5284280277816414,0.0,0.0,1.0,1.0,0.0,0.0,0.0,1.0
1.0,1.4622259316933923,-0.13558332349619232,0.0,0.0,1.0,1.0,0.0,1.0,0.0,0.0
0.0,1.383211397437189,-0.37277774767784055,0.0,0.0,1.0,1.0,0.0,0.0,0.0,1.0
1.0,-0.11806475343068525,-0.5100094113026917,0.0,0.0,1.0,0.0,1.0,0.0,0.0,1.0
1.0,1.4622259316933923,1.5349758521277457,1.0,0.0,0.0,1.0,0.0,1.0,0.0,0.0
0.0,-0.11806475343068525,-0.5123441655042487,0.0,0.0,1.0,0.0,1.0,0.0,0.0,1.0
0.0,-0.11806475343068525,-0.5232396851115148,0.0,0.0,1.0,0.0,1.0,0.0,0.0,1.0
0.0,-0.5131374247117046,-0.5098371583260434,0.0,0.0,1.0,0.0,1.0,0.0,0.0,1.0
1.0,-0.039050219174481336,-0.38609518564352174,1.0,0.0,0.0,0.0,1.0,0.0,1.0,0.0
1.0,-0.5131374247117046,-0.5107004985463526,0.0,0.0,1.0,1.0,0.0,0.0,0.0,1.0
0.0,-0.11806475343068525,0.2062412943082988,0.0,0.0,1.0,0.0,1.0,1.0,0.0,0.0
1.0,-0.19707928768688912,-0.38609518564352174,1.0,0.0,0.0,1.0,0.0,0.0,1.0,0.0
0.0,-0.11806475343068525,-0.5098371583260434,0.0,0.0,1.0,0.0,1.0,0.0,0.0,1.0
0.0,-0.11806475343068525,-0.1870350800873048,0.0,0.0,1.0,0.0,1.0,0.0,0.0,1.0
1.0,-0.276093821943093,-0.21660863330702695,0.0,0.0,1.0,1.0,0.0,0.0,0.0,1.0
1.0,1.6202550002058005,-0.4557912303998677,0.0,0.0,1.0,1.0,0.0,0.0,1.0,0.0
1.0,1.225182328924781,-0.1289256421818858,0.0,0.0,1.0,1.0,0.0,0.0,1.0,0.0
0.0,-0.11806475343068525,-0.2378808382545464,0.0,0.0,1.0,1.0,0.0,0.0,1.0,0.0
1.0,-0.5131374247117046,-0.5119124953940941,0.0,0.0,1.0,0.0,1.0,0.0,0.0,1.0
0.0,-0.11806475343068525,-0.5066369885671093,0.0,0.0,1.0,0.0,1.0,0.0,0.0,1.0
0.0,2.5684294112802477,-0.12269963097773373,0.0,0.0,1.0,0.0,1.0,1.0,0.0,0.0
0.0,0.19799338359413032,-0.2062319479667736,0.0,0.0,1.0,0.0,1.0,0.0,0.0,1.0
1.0,-0.11806475343068525,-0.1911857542234061,0.0,1.0,0.0,1.0,0.0,0.0,0.0,1.0
0.0,-0.5131374247117046,-0.3852297700861446,0.0,0.0,1.0,0.0,1.0,0.0,0.0,1.0
1.0,0.11897884933792645,-0.2378808382545464,0.0,0.0,1.0,1.0,0.0,0.0,1.0,0.0
0.0,0.27700791785033424,-0.4765446010803744,0.0,0.0,1.0,0.0,1.0,0.0,0.0,1.0
0.0,-0.8291955617365203,-0.4557912303998677,0.0,0.0,1.0,0.0,1.0,0.0,1.0,0.0
0.0,-0.11806475343068525,-0.5066369885671093,0.0,0.0,1.0,0.0,1.0,0.0,0.0,1.0
1.0,1.225182328924781,-0.12269963097773373,0.0,0.0,1.0,0.0,1.0,1.0,0.0,0.0
0.0,-0.9872246302489279,-0.4939255490252989,0.0,0.0,1.0,0.0,1.0,0.0,0.0,1.0
1.0,-0.11806475343068525,-0.5236713552216693,1.0,0.0,0.0,0.0,1.0,0.0,0.0,1.0
0.0,2.805473014048858,0.6125756895360773,1.0,0.0,0.0,0.0,1.0,1.0,0.0,0.0
0.0,0.5140515206189459,0.15902737601014588,1.0,0.0,0.0,0.0,1.0,1.0,0.0,0.0
1.0,-0.9872246302489279,-0.5092311599021726,0.0,0.0,1.0,1.0,0.0,0.0,0.0,1.0
1.0,-0.11806475343068525,-0.5128629997712614,0.0,1.0,0.0,1.0,0.0,0.0,0.0,1.0
1.0,-0.11806475343068525,-0.5237585193785274,1.0,0.0,0.0,1.0,0.0,0.0,0.0,1.0
0.0,-0.11806475343068525,-0.406501975033664,0.0,0.0,1.0,0.0,1.0,0.0,1.0,0.0
1.0,0.3560224521065381,-0.4557912303998677,0.0,0.0,1.0,1.0,0.0,0.0,1.0,0.0
0.0,-0.9872246302489279,-0.3736431632352176,1.0,0.0,0.0,1.0,0.0,0.0,0.0,1.0
1.0,-0.5131374247117046,-0.5066369885671093,0.0,0.0,1.0,1.0,0.0,0.0,0.0,1.0
0.0,0.435036986362742,-0.5258338564465781,0.0,0.0,1.0,0.0,1.0,0.0,0.0,1.0
1.0,-1.6193409042985591,-0.6078968347914381,0.0,0.0,1.0,0.0,1.0,0.0,0.0,1.0
0.0,-0.11806475343068525,0.30378213650668073,0.0,0.0,1.0,0.0,1.0,1.0,0.0,0.0
1.0,-0.039050219174481336,-0.4557912303998677,0.0,0.0,1.0,1.0,0.0,0.0,1.0,0.0
1.0,-0.11806475343068525,-0.5128629997712614,0.0,1.0,0.0,1.0,0.0,0.0,0.0,1.0
1.0,1.146167794668577,-0.09840158458499637,1.0,0.0,0.0,1.0,0.0,1.0,0.0,0.0
0.0,-0.11806475343068525,-0.5170136739073626,0.0,0.0,1.0,0.0,1.0,0.0,0.0,1.0
0.0,-0.3551083561992969,-0.5098371583260434,0.0,0.0,1.0,0.0,1.0,0.0,0.0,1.0
1.0,1.4622259316933923,4.771464009752778,1.0,0.0,0.0,1.0,0.0,1.0,0.0,0.0
1.0,0.7510951233875576,1.5863404445620002,1.0,0.0,0.0,1.0,0.0,1.0,0.0,0.0
1.0,-2.2646289012086998,-0.07185387281049213,0.0,0.0,1.0,0.0,1.0,0.0,1.0,0.0
1.0,-0.9082100959927242,-0.5066369885671093,0.0,0.0,1.0,0.0,1.0,0.0,0.0,1.0
0.0,-0.5921519589679086,0.14994777633742418,0.0,0.0,1.0,1.0,0.0,0.0,0.0,1.0
0.0,-0.9082100959927242,-0.538891877278753,0.0,0.0,1.0,0.0,1.0,0.0,0.0,1.0
0.0,-0.11806475343068525,-0.5237585193785274,1.0,0.0,0.0,0.0,1.0,0.0,0.0,1.0
1.0,-0.5131374247117046,1.0336096972168587,0.0,0.0,1.0,1.0,0.0,1.0,0.0,0.0
1.0,0.03996431508172255,0.5077711675995179,1.0,0.0,0.0,1.0,0.0,1.0,0.0,0.0
1.0,2.094342205743024,0.063043036612802,1.0,0.0,0.0,0.0,1.0,1.0,0.0,0.0
0.0,0.9091241918999654,0.40262006437259423,0.0,0.0,1.0,0.0,1.0,1.0,0.0,0.0
1.0,1.7782840687182082,-0.040723816789731936,0.0,0.0,1.0,0.0,1.0,1.0,0.0,0.0
0.0,-0.8291955617365203,0.4283023605897215,0.0,0.0,1.0,0.0,1.0,1.0,0.0,0.0
0.0,0.435036986362742,-0.5273903592476161,0.0,0.0,1.0,0.0,1.0,0.0,0.0,1.0
0.0,0.435036986362742,-0.5128629997712614,0.0,1.0,0.0,1.0,0.0,0.0,0.0,1.0
1.0,0.03996431508172255,0.5248055342540779,1.0,0.0,0.0,0.0,1.0,1.0,0.0,0.0
0.0,-1.0662391645051321,0.14994777633742418,0.0,0.0,1.0,0.0,1.0,0.0,0.0,1.0
0.0,-1.0662391645051321,-0.4557912303998677,0.0,0.0,1.0,0.0,1.0,0.0,1.0,0.0
0.0,1.3041968631809848,-0.13411398485201248,0.0,0.0,1.0,0.0,1.0,1.0,0.0,0.0
0.0,-0.11806475343068525,-0.5128629997712614,0.0,1.0,0.0,0.0,1.0,0.0,0.0,1.0
0.0,1.6992695344620043,-0.4137656547718415,0.0,0.0,1.0,0.0,1.0,0.0,1.0,0.0
0.0,-0.11806475343068525,-0.5066369885671093,0.0,0.0,1.0,0.0,1.0,0.0,0.0,1.0
1.0,-0.276093821943093,2.164927816437985,1.0,0.0,0.0,1.0,0.0,1.0,0.0,0.0
1.0,-1.1452536987613358,-0.37372825205500776,1.0,0.0,0.0,1.0,0.0,0.0,0.0,1.0
1.0,-0.11806475343068525,-0.5128629997712614,0.0,1.0,0.0,0.0,1.0,0.0,0.0,1.0
0.0,-0.3551083561992969,0.18920692765373887,1.0,0.0,0.0,0.0,1.0,0.0,1.0,0.0
0.0,-0.11806475343068525,-0.5237585193785274,1.0,0.0,0.0,0.0,1.0,0.0,0.0,1.0
0.0,0.11897884933792645,-0.5123441655042487,0.0,0.0,1.0,0.0,1.0,0.0,0.0,1.0
0.0,-0.5526446918398067,-0.5237585193785274,1.0,0.0,0.0,0.0,1.0,0.0,0.0,1.0
1.0,-0.11806475343068525,0.063043036612802,0.0,0.0,1.0,0.0,1.0,1.0,0.0,0.0
0.0,-0.11806475343068525,-0.5170136739073626,0.0,0.0,1.0,0.0,1.0,0.0,0.0,1.0
0.0,0.6720805891313537,-0.2378808382545464,0.0,0.0,1.0,0.0,1.0,0.0,1.0,0.0
1.0,-0.5921519589679086,0.7084728647765629,0.0,0.0,1.0,1.0,0.0,1.0,0.0,0.0
0.0,0.2375006507222323,-0.049631163485805485,1.0,0.0,0.0,0.0,1.0,0.0,1.0,0.0
0.0,-0.8291955617365203,-0.5098371583260434,0.0,0.0,1.0,0.0,1.0,0.0,0.0,1.0
0.0,0.3560224521065381,-0.2378808382545464,0.0,0.0,1.0,0.0,1.0,0.0,1.0,0.0
0.0,0.03996431508172255,-0.4039078036986007,0.0,0.0,1.0,1.0,0.0,0.0,1.0,0.0
0.0,-0.11806475343068525,-0.5128629997712614,0.0,1.0,0.0,1.0,0.0,0.0,0.0,1.0
0.0,-0.276093821943093,-0.5066369885671093,0.0,0.0,1.0,0.0,1.0,0.0,0.0,1.0
0.0,-0.11806475343068525,-0.5066369885671093,0.0,0.0,1.0,0.0,1.0,0.0,0.0,1.0
1.0,-0.11806475343068525,-0.5101816642793399,0.0,1.0,0.0,1.0,0.0,0.0,0.0,1.0
1.0,1.225182328924781,2.7478381154267195,0.0,0.0,1.0,1.0,0.0,1.0,0.0,0.0
0.0,0.03996431508172255,-0.5232396851115148,0.0,0.0,1.0,0.0,1.0,0.0,0.0,1.0
0.0,-0.11806475343068525,-0.5123441655042487,0.0,0.0,1.0,1.0,0.0,0.0,0.0,1.0
0.0,0.5140515206189459,-0.4039078036986007,0.0,0.0,1.0,0.0,1.0,0.0,1.0,0.0
1.0,-0.9872246302489279,-0.4246611743791075,1.0,0.0,0.0,1.0,0.0,0.0,1.0,0.0
1.0,1.5412404659495964,-0.13558332349619232,0.0,0.0,1.0,1.0,0.0,1.0,0.0,0.0
0.0,-0.11806475343068525,-0.036660306810488735,1.0,0.0,0.0,0.0,1.0,1.0,0.0,0.0
0.0,-0.7501810274803163,-0.4939255490252989,0.0,0.0,1.0,0.0,1.0,0.0,0.0,1.0
0.0,-0.4341228904555008,-0.4039078036986007,0.0,0.0,1.0,0.0,1.0,0.0,1.0,0.0
0.0,-0.11806475343068525,-0.14518175743592676,0.0,0.0,1.0,0.0,1.0,0.0,0.0,1.0
0.0,-0.07855748630258329,-0.5236713552216693,1.0,0.0,0.0,0.0,1.0,0.0,0.0,1.0
1.0,-0.11806475343068525,-0.5273903592476161,0.0,0.0,1.0,0.0,1.0,0.0,0.0,1.0
0.0,0.11897884933792645,-0.1289256421818858,0.0,0.0,1.0,0.0,1.0,0.0,1.0,0.0
1.0,0.5140515206189459,-0.12814739078136675,0.0,0.0,1.0,0.0,1.0,1.0,0.0,0.0
0.0,2.7264584797926545,-0.13411398485201248,0.0,0.0,1.0,0.0,1.0,1.0,0.0,0.0
0.0,-0.11806475343068525,-0.5048210686325649,0.0,1.0,0.0,1.0,0.0,0.0,0.0,1.0
0.0,-0.11806475343068525,-0.5132095810616258,0.0,1.0,0.0,0.0,1.0,0.0,0.0,1.0
1.0,0.5140515206189459,-0.13411398485201248,0.0,0.0,1.0,1.0,0.0,0.0,1.0,0.0
0.0,0.435036986362742,-0.13411398485201248,0.0,0.0,1.0,0.0,1.0,0.0,1.0,0.0
0.0,-0.11806475343068525,-0.5236713552216693,1.0,0.0,0.0,0.0,1.0,0.0,0.0,1.0
1.0,-2.0934281098357825,-0.34372302872513105,0.0,0.0,1.0,0.0,1.0,0.0,0.0,1.0
1.0,-0.9872246302489279,1.5863404445620002,1.0,0.0,0.0,1.0,0.0,1.0,0.0,0.0
0.0,-0.11806475343068525,-0.5092311599021726,0.0,0.0,1.0,0.0,1.0,0.0,0.0,1.0
0.0,-0.11806475343068525,-0.09840158458499637,1.0,0.0,0.0,0.0,1.0,1.0,0.0,0.0
0.0,1.936313137230616,-0.13411398485201248,0.0,0.0,1.0,0.0,1.0,0.0,1.0,0.0
0.0,0.03996431508172255,-0.4039078036986007,0.0,0.0,1.0,0.0,1.0,0.0,1.0,0.0
1.0,1.8572986029744118,0.394665297390756,0.0,0.0,1.0,1.0,0.0,1.0,0.0,0.0
1.0,-0.19707928768688912,-0.4148033233058667,0.0,0.0,1.0,1.0,0.0,0.0,0.0,1.0
1.0,-1.0662391645051321,0.5295622068140501,1.0,0.0,0.0,1.0,0.0,1.0,0.0,0.0
0.0,-0.11806475343068525,-0.5232396851115148,0.0,0.0,1.0,0.0,1.0,0.0,0.0,1.0
0.0,-0.11806475343068525,-0.5066369885671093,0.0,0.0,1.0,0.0,1.0,0.0,0.0,1.0
0.0,0.27700791785033424,-0.2477386893277872,0.0,0.0,1.0,0.0,1.0,0.0,0.0,1.0
0.0,-0.11806475343068525,-0.5053399028995776,0.0,0.0,1.0,1.0,0.0,0.0,0.0,1.0
1.0,-0.8291955617365203,-0.5066369885671093,0.0,0.0,1.0,0.0,1.0,0.0,0.0,1.0
0.0,-1.7773699728109669,-0.06925970147542877,0.0,1.0,0.0,0.0,1.0,0.0,0.0,1.0
0.0,0.9881387261561692,-0.4992861446720738,0.0,0.0,1.0,0.0,1.0,0.0,0.0,1.0
1.0,1.5412404659495964,0.5077711675995179,1.0,0.0,0.0,0.0,1.0,1.0,0.0,0.0
0.0,-0.9872246302489279,-0.4939255490252989,0.0,0.0,1.0,0.0,1.0,0.0,0.0,1.0
0.0,1.383211397437189,4.048209041537118,1.0,0.0,0.0,0.0,1.0,1.0,0.0,0.0
1.0,1.936313137230616,-0.19637409689353286,0.0,0.0,1.0,1.0,0.0,0.0,1.0,0.0
1.0,-0.039050219174481336,-0.4765446010803744,0.0,0.0,1.0,0.0,1.0,0.0,0.0,1.0
1.0,-2.0144135755795785,-0.3952598741360336,1.0,0.0,0.0,1.0,0.0,0.0,0.0,1.0
0.0,-0.11806475343068525,-0.5236713552216693,1.0,0.0,0.0,0.0,1.0,0.0,0.0,1.0
1.0,0.9881387261561692,-0.13411398485201248,0.0,0.0,1.0,1.0,0.0,0.0,1.0,0.0
0.0,-1.0662391645051321,-0.2534458662649265,0.0,0.0,1.0,0.0,1.0,0.0,0.0,1.0
1.0,0.7510951233875576,0.4864117984951404,0.0,0.0,1.0,1.0,0.0,1.0,0.0,0.0
1.0,-0.4341228904555008,1.0521134025155985,1.0,0.0,0.0,1.0,0.0,1.0,0.0,0.0
1.0,-0.4341228904555008,1.0336096972168587,0.0,0.0,1.0,0.0,1.0,1.0,0.0,0.0
1.0,-1.0662391645051321,-0.5066369885671093,0.0,0.0,1.0,0.0,1.0,0.0,0.0,1.0
0.0,-0.4341228904555008,-0.4765446010803744,0.0,0.0,1.0,0.0,1.0,0.0,0.0,1.0
1.0,-0.11806475343068525,-0.5131224169047677,0.0,1.0,0.0,1.0,0.0,0.0,0.0,1.0
0.0,1.7782840687182082,-0.3935311183583473,0.0,0.0,1.0,0.0,1.0,0.0,1.0,0.0
0.0,-0.4341228904555008,-0.5107004985463526,0.0,0.0,1.0,0.0,1.0,0.0,0.0,1.0
0.0,-0.4341228904555008,-0.019970446109225156,0.0,0.0,1.0,0.0,1.0,0.0,1.0,0.0
0.0,-1.9353990413233748,-0.022305200310782185,0.0,0.0,1.0,0.0,1.0,0.0,0.0,1.0
1.0,0.5140515206189459,2.141146528975192,1.0,0.0,0.0,1.0,0.0,1.0,0.0,0.0
0.0,-0.6711664932241125,-0.4697997556092098,0.0,0.0,1.0,1.0,0.0,0.0,0.0,1.0
0.0,0.5930660548751497,-0.5092311599021726,0.0,0.0,1.0,0.0,1.0,0.0,0.0,1.0
1.0,-0.3551083561992969,-0.5123441655042487,0.0,0.0,1.0,0.0,1.0,0.0,0.0,1.0
0.0,0.8301096576437614,-0.3520243769973337,0.0,1.0,0.0,0.0,1.0,0.0,0.0,1.0
1.0,-0.11806475343068525,-0.4111714834367781,0.0,0.0,1.0,1.0,0.0,0.0,1.0,0.0
1.0,1.7782840687182082,0.9505962144948316,1.0,0.0,0.0,1.0,0.0,1.0,0.0,0.0
0.0,0.7510951233875576,-0.024639954512339208,0.0,0.0,1.0,1.0,0.0,0.0,0.0,1.0
1.0,-0.11806475343068525,-0.5101816642793399,0.0,1.0,0.0,1.0,0.0,0.0,0.0,1.0
1.0,0.435036986362742,9.958856175502307,1.0,0.0,0.0,1.0,0.0,1.0,0.0,0.0
1.0,-1.0662391645051321,-0.4969513904705168,1.0,0.0,0.0,1.0,0.0,0.0,0.0,1.0
0.0,-0.5131374247117046,-0.5107004985463526,0.0,0.0,1.0,0.0,1.0,0.0,0.0,1.0
0.0,-0.6711664932241125,-0.3395723545890296,0.0,0.0,1.0,0.0,1.0,0.0,0.0,1.0
1.0,-0.11806475343068525,0.011159609911535029,0.0,0.0,1.0,1.0,0.0,0.0,1.0,0.0
0.0,0.9091241918999654,-0.3614505579604199,1.0,0.0,0.0,0.0,1.0,0.0,1.0,0.0
1.0,0.11897884933792645,-0.4039078036986007,0.0,0.0,1.0,0.0,1.0,0.0,1.0,0.0
1.0,-0.11806475343068525,-0.3572998838243186,1.0,0.0,0.0,0.0,1.0,0.0,0.0,1.0
1.0,0.7510951233875576,0.9793043521571768,0.0,0.0,1.0,1.0,0.0,1.0,0.0,0.0
1.0,2.094342205743024,1.0521134025155985,1.0,0.0,0.0,1.0,0.0,1.0,0.0,0.0
1.0,-1.6193409042985591,-0.34372302872513105,0.0,0.0,1.0,0.0,1.0,0.0,0.0,1.0
0.0,-0.9872246302489279,-0.5258338564465781,0.0,0.0,1.0,0.0,1.0,0.0,0.0,1.0
0.0,0.5140515206189459,-0.42085708153337065,0.0,0.0,1.0,1.0,0.0,0.0,0.0,1.0
1.0,-0.3551083561992969,-0.673701622545189,0.0,0.0,1.0,0.0,1.0,0.0,0.0,1.0
1.0,0.5140515206189459,-0.12607205371331612,0.0,0.0,1.0,0.0,1.0,1.0,0.0,0.0
1.0,-0.11806475343068525,-0.5128629997712614,0.0,1.0,0.0,1.0,0.0,0.0,0.0,1.0
0.0,0.5930660548751497,-0.5128629997712614,0.0,1.0,0.0,1.0,0.0,0.0,0.0,1.0
0.0,2.4894148770240427,-0.002936079454665214,0.0,0.0,1.0,0.0,1.0,1.0,0.0,0.0
0.0,-0.9082100959927242,-0.2542241176654456,0.0,0.0,1.0,0.0,1.0,0.0,0.0,1.0
1.0,-0.4341228904555008,0.7645069656139314,1.0,0.0,0.0,1.0,0.0,1.0,0.0,0.0
0.0,-0.11806475343068525,-0.5236713552216693,1.0,0.0,0.0,0.0,1.0,0.0,0.0,1.0
1.0,-0.11806475343068525,0.14813185640287985,0.0,0.0,1.0,0.0,1.0,1.0,0.0,0.0
0.0,-2.1724426440919866,-0.2363243354535084,0.0,0.0,1.0,0.0,1.0,0.0,0.0,1.0
0.0,-0.7501810274803163,-0.5107004985463526,0.0,0.0,1.0,1.0,0.0,0.0,0.0,1.0
0.0,-0.11806475343068525,-0.5236713552216693,1.0,0.0,0.0,0.0,1.0,0.0,0.0,1.0
1.0,-0.11806475343068525,-0.5066369885671093,0.0,0.0,1.0,1.0,0.0,0.0,0.0,1.0
0.0,-1.1847609658894378,0.7696953082840581,0.0,0.0,1.0,0.0,1.0,0.0,0.0,1.0
1.0,2.4104003427678387,0.9699653353509486,1.0,0.0,0.0,0.0,1.0,1.0,0.0,0.0
0.0,1.146167794668577,1.1941017387004218,0.0,1.0,0.0,0.0,1.0,1.0,0.0,0.0
0.0,-0.11806475343068525,-0.14518175743592676,0.0,0.0,1.0,1.0,0.0,0.0,0.0,1.0
0.0,-2.0934281098357825,-0.387823941421208,0.0,0.0,1.0,1.0,0.0,0.0,0.0,1.0
1.0,-0.11806475343068525,-0.3520243769973337,0.0,1.0,0.0,1.0,0.0,0.0,0.0,1.0
0.0,-1.5403263700423553,-0.06925970147542877,0.0,1.0,0.0,0.0,1.0,0.0,0.0,1.0
1.0,-0.11806475343068525,-0.3860080214866636,1.0,0.0,0.0,0.0,1.0,0.0,1.0,0.0
1.0,-0.11806475343068525,-0.13411398485201248,0.0,0.0,1.0,1.0,0.0,0.0,1.0,0.0
1.0,-0.4341228904555008,0.09426025679042024,1.0,0.0,0.0,1.0,0.0,0.0,1.0,0.0
1.0,0.8301096576437614,-0.34683603432720705,0.0,0.0,1.0,1.0,0.0,0.0,1.0,0.0
0.0,0.5140515206189459,-0.5232396851115148,0.0,0.0,1.0,0.0,1.0,0.0,0.0,1.0
0.0,0.39552971923464,-0.5112193328133652,0.0,1.0,0.0,0.0,1.0,0.0,0.0,1.0
0.0,-0.11806475343068525,-0.5164948396403499,0.0,0.0,1.0,0.0,1.0,0.0,0.0,1.0
0.0,-0.11806475343068525,-0.3520243769973337,0.0,1.0,0.0,0.0,1.0,0.0,0.0,1.0
0.0,2.4894148770240427,4.771464009752778,1.0,0.0,0.0,0.0,1.0,1.0,0.0,0.0
1.0,-1.3032827672737437,-0.2690108942753066,0.0,0.0,1.0,1.0,0.0,0.0,1.0,0.0
1.0,-1.1452536987613358,3.7122638536464136,0.0,0.0,1.0,1.0,0.0,1.0,0.0,0.0
0.0,0.3560224521065381,-0.5066369885671093,0.0,0.0,1.0,0.0,1.0,0.0,0.0,1.0
1.0,-1.6983554385547632,-0.1289256421818858,0.0,0.0,1.0,1.0,0.0,0.0,1.0,0.0
1.0,0.9881387261561692,-0.4039078036986007,0.0,0.0,1.0,1.0,0.0,0.0,1.0,0.0
0.0,2.173356739999228,2.7478381154267195,0.0,0.0,1.0,0.0,1.0,1.0,0.0,0.0
0.0,-0.11806475343068525,1.031619448968598,1.0,0.0,0.0,0.0,1.0,1.0,0.0,0.0
1.0,-0.11806475343068525,-0.5123441655042487,0.0,0.0,1.0,0.0,1.0,0.0,0.0,1.0
1.0,-0.4341228904555008,-0.4039078036986007,0.0,0.0,1.0,1.0,0.0,0.0,1.0,0.0
1.0,-0.8291955617365203,-0.13411398485201248,0.0,0.0,1.0,1.0,0.0,0.0,1.0,0.0
0.0,0.03996431508172255,-0.4557912303998677,0.0,0.0,1.0,0.0,1.0,0.0,1.0,0.0
0.0,1.6202550002058005,3.715636276381996,1.0,0.0,0.0,0.0,1.0,1.0,0.0,0.0
1.0,0.19799338359413032,-0.040723816789731936,1.0,0.0,0.0,0.0,1.0,1.0,0.0,0.0
1.0,-0.11806475343068525,0.4987766567465864,0.0,0.0,1.0,0.0,1.0,0.0,0.0,1.0
0.0,-1.856384507067171,-0.024639954512339208,0.0,0.0,1.0,1.0,0.0,0.0,0.0,1.0
0.0,-0.11806475343068525,-0.5236713552216693,1.0,0.0,0.0,0.0,1.0,0.0,0.0,1.0
0.0,0.27700791785033424,-0.5107004985463526,0.0,0.0,1.0,0.0,1.0,0.0,0.0,1.0
0.0,-1.2242682330175396,-0.5107004985463526,0.0,0.0,1.0,1.0,0.0,0.0,0.0,1.0
0.0,1.146167794668577,-0.5066369885671093,0.0,0.0,1.0,0.0,1.0,0.0,0.0,1.0
1.0,-0.5921519589679086,-0.5128629997712614,0.0,1.0,0.0,1.0,0.0,0.0,0.0,1.0
0.0,-0.11806475343068525,-0.4557912303998677,0.0,0.0,1.0,0.0,1.0,0.0,1.0,0.0
0.0,-0.5921519589679086,-0.5232396851115148,0.0,0.0,1.0,0.0,1.0,0.0,0.0,1.0
0.0,0.03996431508172255,-0.13411398485201248,0.0,0.0,1.0,0.0,1.0,0.0,1.0,0.0
0.0,-0.11806475343068525,-0.673701622545189,0.0,0.0,1.0,0.0,1.0,0.0,1.0,0.0
0.0,-0.4341228904555008,-0.5119124953940941,0.0,0.0,1.0,0.0,1.0,0.0,0.0,1.0
1.0,-0.9082100959927242,-0.5236713552216693,1.0,0.0,0.0,1.0,0.0,0.0,0.0,1.0
1.0,1.6992695344620043,0.9441958749769632,0.0,0.0,1.0,1.0,0.0,1.0,0.0,0.0
0.0,-0.5131374247117046,-0.4939255490252989,0.0,0.0,1.0,1.0,0.0,0.0,0.0,1.0
0.0,-0.3551083561992969,-0.4039078036986007,0.0,0.0,1.0,0.0,1.0,0.0,1.0,0.0
1.0,-0.8291955617365203,1.2164987763388249,1.0,0.0,0.0,1.0,0.0,1.0,0.0,0.0
0.0,0.8301096576437614,-0.673701622545189,0.0,0.0,1.0,0.0,1.0,1.0,0.0,0.0
1.0,0.5930660548751497,1.1941017387004218,0.0,1.0,0.0,1.0,0.0,1.0,0.0,0.0
1.0,-0.11806475343068525,-0.09840158458499637,1.0,0.0,0.0,1.0,0.0,1.0,0.0,0.0
0.0,1.225182328924781,-0.0946825805590496,0.0,0.0,1.0,1.0,0.0,0.0,0.0,1.0
1.0,2.3313858085116355,0.394665297390756,0.0,0.0,1.0,1.0,0.0,1.0,0.0,0.0
1.0,0.7510951233875576,-0.3952598741360336,1.0,0.0,0.0,0.0,1.0,0.0,0.0,1.0
0.0,0.2375006507222323,-0.4765446010803744,0.0,0.0,1.0,0.0,1.0,0.0,0.0,1.0
1.0,-0.11806475343068525,-0.040723816789731936,0.0,0.0,1.0,0.0,1.0,1.0,0.0,0.0
0.0,2.647443945536451,-0.13411398485201248,0.0,0.0,1.0,0.0,1.0,0.0,1.0,0.0
0.0,1.0671532604123732,-0.5098371583260434,0.0,0.0,1.0,0.0,1.0,0.0,0.0,1.0
0.0,-0.039050219174481336,-0.510268828436198,0.0,0.0,1.0,0.0,1.0,0.0,0.0,1.0
0.0,-0.4341228904555008,-0.5273903592476161,0.0,0.0,1.0,0.0,1.0,0.0,0.0,1.0
1.0,0.19799338359413032,-0.5123441655042487,0.0,0.0,1.0,0.0,1.0,0.0,0.0,1.0
0.0,0.8301096576437614,-0.4039078036986007,0.0,0.0,1.0,0.0,1.0,0.0,1.0,0.0
0.0,0.03996431508172255,2.4714717040856153,0.0,0.0,1.0,0.0,1.0,1.0,0.0,0.0
0.0,-0.8291955617365203,-0.5098371583260434,0.0,0.0,1.0,0.0,1.0,0.0,0.0,1.0
0.0,-0.276093821943093,-0.5098371583260434,0.0,0.0,1.0,0.0,1.0,0.0,0.0,1.0
0.0,1.2646895960528828,-0.08223055815074551,0.0,0.0,1.0,0.0,1.0,1.0,0.0,0.0
1.0,1.6202550002058005,-0.4557912303998677,0.0,0.0,1.0,1.0,0.0,0.0,1.0,0.0
0.0,-0.5131374247117046,-0.3614505579604199,1.0,0.0,0.0,0.0,1.0,0.0,1.0,0.0
0.0,-0.8291955617365203,-0.5098371583260434,0.0,0.0,1.0,0.0,1.0,0.0,0.0,1.0
0.0,0.27700791785033424,-0.12269963097773373,0.0,0.0,1.0,0.0,1.0,1.0,0.0,0.0
0.0,1.6202550002058005,-0.5066369885671093,0.0,0.0,1.0,0.0,1.0,0.0,0.0,1.0
1.0,-0.11806475343068525,-0.5132095810616258,0.0,1.0,0.0,1.0,0.0,0.0,0.0,1.0
0.0,2.4104003427678387,-0.12269963097773373,0.0,0.0,1.0,0.0,1.0,1.0,0.0,0.0
0.0,0.5140515206189459,-0.4557912303998677,0.0,0.0,1.0,0.0,1.0,0.0,1.0,0.0
0.0,-0.11806475343068525,-0.5236713552216693,1.0,0.0,0.0,0.0,1.0,0.0,0.0,1.0
0.0,-2.3041361683368007,-0.3748530847458912,0.0,0.0,1.0,0.0,1.0,0.0,0.0,1.0
0.0,0.03996431508172255,-0.4039078036986007,0.0,0.0,1.0,0.0,1.0,0.0,1.0,0.0
1.0,1.225182328924781,-0.05110050212998533,0.0,0.0,1.0,1.0,0.0,0.0,1.0,0.0
1.0,0.8301096576437614,-0.4039078036986007,0.0,0.0,1.0,1.0,0.0,0.0,1.0,0.0
0.0,-0.19707928768688912,-0.5098371583260434,0.0,0.0,1.0,0.0,1.0,0.0,0.0,1.0
0.0,-0.11806475343068525,-0.4765446010803744,0.0,0.0,1.0,0.0,1.0,0.0,0.0,1.0
1.0,-0.3551083561992969,-0.5236713552216693,1.0,0.0,0.0,0.0,1.0,0.0,0.0,1.0
0.0,-0.11806475343068525,0.7696953082840581,0.0,0.0,1.0,1.0,0.0,0.0,0.0,1.0
1.0,-0.5921519589679086,-0.5123441655042487,0.0,0.0,1.0,1.0,0.0,0.0,0.0,1.0
1.0,-0.5131374247117046,-0.5170136739073626,0.0,0.0,1.0,1.0,0.0,0.0,0.0,1.0
0.0,-0.11806475343068525,-0.1870350800873048,0.0,0.0,1.0,1.0,0.0,0.0,0.0,1.0
0.0,-0.4341228904555008,-0.5098371583260434,0.0,0.0,1.0,0.0,1.0,0.0,0.0,1.0
0.0,-0.3551083561992969,-0.4557912303998677,0.0,0.0,1.0,0.0,1.0,0.0,1.0,0.0
0.0,-0.7501810274803163,-0.4693680854990552,0.0,0.0,1.0,0.0,1.0,0.0,0.0,1.0
0.0,1.5412404659495964,-0.673701622545189,0.0,0.0,1.0,0.0,1.0,0.0,0.0,1.0
0.0,-1.6193409042985591,0.29963146237057936,0.0,0.0,1.0,0.0,1.0,0.0,0.0,1.0
0.0,-0.11806475343068525,0.7696953082840581,0.0,0.0,1.0,0.0,1.0,0.0,0.0,1.0
0.0,2.4104003427678387,0.13567983399457575,0.0,0.0,1.0,0.0,1.0,0.0,1.0,0.0
0.0,0.19799338359413032,-0.500151560229451,0.0,0.0,1.0,0.0,1.0,0.0,0.0,1.0
1.0,0.3560224521065381,-0.19637409689353286,0.0,0.0,1.0,1.0,0.0,0.0,1.0,0.0
1.0,1.4622259316933923,0.14813185640287985,1.0,0.0,0.0,1.0,0.0,1.0,0.0,0.0
1.0,-0.4341228904555008,-0.09840158458499637,1.0,0.0,0.0,1.0,0.0,0.0,1.0,0.0
0.0,-0.5131374247117046,-0.4557912303998677,0.0,0.0,1.0,0.0,1.0,0.0,1.0,0.0
0.0,2.173356739999228,2.3670988522592102,1.0,0.0,0.0,0.0,1.0,1.0,0.0,0.0
0.0,-0.11806475343068525,-0.5098371583260434,0.0,0.0,1.0,0.0,1.0,0.0,0.0,1.0
0.0,-0.3946156233273989,-0.5066369885671093,0.0,0.0,1.0,0.0,1.0,0.0,0.0,1.0
1.0,-0.276093821943093,-0.5107004985463526,0.0,0.0,1.0,1.0,0.0,0.0,0.0,1.0
0.0,-0.11806475343068525,-0.5101816642793399,0.0,1.0,0.0,1.0,0.0,0.0,0.0,1.0
0.0,-0.11806475343068525,-0.5066369885671093,0.0,0.0,1.0,0.0,1.0,0.0,0.0,1.0
1.0,-1.856384507067171,0.011159609911535029,0.0,0.0,1.0,1.0,0.0,0.0,1.0,0.0
1.0,-2.0144135755795785,-0.3271203321807256,0.0,0.0,1.0,1.0,0.0,0.0,0.0,1.0
0.0,-0.9082100959927242,-0.5128629997712614,0.0,0.0,1.0,0.0,1.0,0.0,0.0,1.0
1.0,-0.5921519589679086,0.5590485958769141,1.0,0.0,0.0,1.0,0.0,1.0,0.0,0.0
1.0,-0.19707928768688912,-0.4939255490252989,0.0,0.0,1.0,0.0,1.0,0.0,0.0,1.0
0.0,0.8301096576437614,-0.5237585193785274,1.0,0.0,0.0,0.0,1.0,0.0,0.0,1.0
1.0,2.7264584797926545,1.0521134025155985,1.0,0.0,0.0,1.0,0.0,1.0,0.0,0.0
0.0,3.2795602195860822,0.3536773902967551,1.0,0.0,0.0,0.0,1.0,1.0,0.0,0.0
0.0,-0.7501810274803163,-0.5237585193785274,1.0,0.0,0.0,0.0,1.0,0.0,0.0,1.0
1.0,-1.1452536987613358,-0.5237585193785274,1.0,0.0,0.0,1.0,0.0,0.0,0.0,1.0
0.0,1.383211397437189,-0.14267475025772156,0.0,0.0,1.0,0.0,1.0,1.0,0.0,0.0
1.0,-1.6983554385547632,-0.13411398485201248,0.0,0.0,1.0,1.0,0.0,0.0,1.0,0.0
0.0,-0.11806475343068525,-0.3572998838243186,1.0,0.0,0.0,1.0,0.0,0.0,0.0,1.0
1.0,-2.297546356179834,-0.4969513904705168,1.0,0.0,0.0,0.0,1.0,0.0,0.0,1.0
1.0,-0.7501810274803163,-0.34700828730385525,1.0,0.0,0.0,0.0,1.0,0.0,0.0,1.0
0.0,-0.039050219174481336,-0.09840158458499637,1.0,0.0,0.0,0.0,1.0,0.0,1.0,0.0
0.0,1.383211397437189,0.2062412943082988,0.0,0.0,1.0,0.0,1.0,1.0,0.0,0.0
0.0,-0.7501810274803163,-0.4822517780175138,0.0,0.0,1.0,0.0,1.0,0.0,0.0,1.0
0.0,-0.6711664932241125,-0.5066369885671093,0.0,0.0,1.0,0.0,1.0,0.0,0.0,1.0
0.0,2.054834938614922,-0.5066369885671093,0.0,0.0,1.0,0.0,1.0,0.0,0.0,1.0
1.0,-0.9872246302489279,-0.4557912303998677,0.0,0.0,1.0,1.0,0.0,0.0,1.0,0.0
0.0,1.5412404659495964,-0.13411398485201248,0.0,0.0,1.0,0.0,1.0,1.0,0.0,0.0
0.0,-0.11806475343068525,-0.37372825205500776,1.0,0.0,0.0,1.0,0.0,0.0,0.0,1.0
0.0,-0.4341228904555008,-0.5128629997712614,0.0,1.0,0.0,1.0,0.0,0.0,0.0,1.0
0.0,1.383211397437189,-0.4557912303998677,0.0,0.0,1.0,0.0,1.0,0.0,1.0,0.0
0.0,-0.8291955617365203,-0.4626232400278905,0.0,0.0,1.0,0.0,1.0,0.0,0.0,1.0
0.0,0.9881387261561692,-0.5170136739073626,0.0,0.0,1.0,0.0,1.0,0.0,0.0,1.0
1.0,-0.19707928768688912,-0.5289468620486539,0.0,0.0,1.0,0.0,1.0,0.0,0.0,1.0
0.0,-0.11806475343068525,-0.17250772061095007,0.0,1.0,0.0,0.0,1.0,0.0,0.0,1.0
0.0,1.225182328924781,-0.37372825205500776,1.0,0.0,0.0,1.0,0.0,0.0,0.0,1.0
1.0,0.435036986362742,0.4283023605897215,0.0,0.0,1.0,1.0,0.0,1.0,0.0,0.0
1.0,-0.039050219174481336,-0.3572998838243186,1.0,0.0,0.0,1.0,0.0,0.0,0.0,1.0
0.0,0.6720805891313537,-0.5098371583260434,0.0,0.0,1.0,0.0,1.0,0.0,0.0,1.0
0.0,-0.11806475343068525,-0.5101816642793399,0.0,0.0,1.0,0.0,1.0,0.0,0.0,1.0
0.0,-0.3551083561992969,-0.019970446109225156,0.0,0.0,1.0,0.0,1.0,0.0,1.0,0.0
0.0,-0.19707928768688912,-0.5237585193785274,1.0,0.0,0.0,0.0,1.0,0.0,0.0,1.0
0.0,0.03996431508172255,-0.17562072621302605,1.0,0.0,0.0,0.0,1.0,0.0,1.0,0.0
1.0,-0.19707928768688912,0.9186879070735524,1.0,0.0,0.0,0.0,1.0,1.0,0.0,0.0
0.0,-0.3551083561992969,-0.3042916244321681,0.0,0.0,1.0,0.0,1.0,0.0,0.0,1.0
1.0,-0.3551083561992969,-0.514938336839312,0.0,0.0,1.0,0.0,1.0,0.0,0.0,1.0
1.0,-0.5131374247117046,0.6411966630415642,1.0,0.0,0.0,0.0,1.0,1.0,0.0,0.0
1.0,0.8301096576437614,2.511162525512084,0.0,0.0,1.0,1.0,0.0,1.0,0.0,0.0
0.0,0.9881387261561692,0.40547365284116405,0.0,0.0,1.0,0.0,1.0,1.0,0.0,0.0
0.0,-0.5921519589679086,-0.4554446491095032,0.0,0.0,1.0,1.0,0.0,0.0,0.0,1.0
1.0,-2.2646289012086998,-0.2845759222856867,0.0,0.0,1.0,0.0,1.0,0.0,1.0,0.0
0.0,-1.7773699728109669,0.14994777633742418,0.0,0.0,1.0,0.0,1.0,0.0,0.0,1.0
0.0,1.6992695344620043,-0.5128629997712614,0.0,0.0,1.0,0.0,1.0,0.0,0.0,1.0
0.0,-2.2712108119122414,-0.387823941421208,0.0,0.0,1.0,0.0,1.0,0.0,0.0,1.0
0.0,-0.6711664932241125,-0.5237585193785274,1.0,0.0,0.0,0.0,1.0,0.0,0.0,1.0
1.0,-0.4341228904555008,-0.37277774767784055,0.0,0.0,1.0,1.0,0.0,0.0,1.0,0.0
0.0,-0.6711664932241125,0.8516711224720599,0.0,0.0,1.0,0.0,1.0,0.0,1.0,0.0
1.0,-0.3551083561992969,-0.13411398485201248,0.0,0.0,1.0,1.0,0.0,0.0,1.0,0.0
0.0,-0.6711664932241125,-0.5107004985463526,0.0,0.0,1.0,0.0,1.0,0.0,0.0,1.0
1.0,-0.11806475343068525,-0.20969153485921405,1.0,0.0,0.0,1.0,0.0,0.0,0.0,1.0
0.0,-0.11806475343068525,-0.3520243769973337,0.0,1.0,0.0,0.0,1.0,0.0,0.0,1.0
1.0,0.11897884933792645,2.7478381154267195,0.0,0.0,1.0,1.0,0.0,1.0,0.0,0.0
0.0,0.19799338359413032,0.8516711224720599,0.0,0.0,1.0,0.0,1.0,0.0,1.0,0.0
0.0,-0.11806475343068525,4.048209041537118,1.0,0.0,0.0,0.0,1.0,1.0,0.0,0.0
1.0,-0.3551083561992969,1.2164987763388249,1.0,0.0,0.0,0.0,1.0,1.0,0.0,0.0
0.0,-1.2242682330175396,0.6752674716877523,0.0,0.0,1.0,0.0,1.0,0.0,1.0,0.0
0.0,0.03996431508172255,-0.5236713552216693,1.0,0.0,0.0,0.0,1.0,0.0,0.0,1.0
0.0,-0.276093821943093,-0.4939255490252989,0.0,0.0,1.0,0.0,1.0,0.0,0.0,1.0
1.0,1.0671532604123732,0.4769005287122641,1.0,0.0,0.0,1.0,0.0,1.0,0.0,0.0
1.0,-0.039050219174481336,-0.19637409689353286,0.0,0.0,1.0,1.0,0.0,0.0,1.0,0.0
0.0,-0.5921519589679086,2.141146528975192,1.0,0.0,0.0,0.0,1.0,1.0,0.0,0.0
0.0,-0.11806475343068525,-0.13567048765305048,0.0,0.0,1.0,0.0,1.0,1.0,0.0,0.0
0.0,0.27700791785033424,-0.41895399744196815,0.0,0.0,1.0,0.0,1.0,0.0,1.0,0.0
1.0,-2.0144135755795785,1.0251340206309398,0.0,0.0,1.0,0.0,1.0,1.0,0.0,0.0
0.0,-0.5921519589679086,-0.4939255490252989,0.0,0.0,1.0,1.0,0.0,0.0,0.0,1.0
0.0,-0.11806475343068525,-0.4765446010803744,0.0,0.0,1.0,0.0,1.0,0.0,0.0,1.0
0.0,-0.5131374247117046,-0.4822517780175138,0.0,0.0,1.0,0.0,1.0,0.0,0.0,1.0
1.0,-0.11806475343068525,4.7844348664280965,0.0,0.0,1.0,1.0,0.0,1.0,0.0,0.0
0.0,-0.8291955617365203,0.08898474996343549,0.0,0.0,1.0,0.0,1.0,0.0,1.0,0.0
0.0,-0.11806475343068525,-0.37372825205500776,1.0,0.0,0.0,1.0,0.0,0.0,0.0,1.0
0.0,-0.19707928768688912,-0.5092311599021726,0.0,0.0,1.0,1.0,0.0,0.0,0.0,1.0
1.0,-0.6711664932241125,-0.5123441655042487,0.0,0.0,1.0,0.0,1.0,0.0,0.0,1.0
1.0,1.4622259316933923,0.08898474996343549,0.0,0.0,1.0,1.0,0.0,0.0,1.0,0.0
0.0,-0.3551083561992969,-0.5123441655042487,0.0,0.0,1.0,0.0,1.0,0.0,0.0,1.0
1.0,-0.9872246302489279,1.6275006046326497,1.0,0.0,0.0,0.0,1.0,1.0,0.0,0.0
0.0,0.19799338359413032,-0.5098371583260434,0.0,0.0,1.0,0.0,1.0,0.0,0.0,1.0
0.0,-0.11806475343068525,-0.5128629997712614,0.0,1.0,0.0,0.0,1.0,0.0,0.0,1.0
0.0,-0.11806475343068525,-0.5237585193785274,1.0,0.0,0.0,0.0,1.0,0.0,0.0,1.0
1.0,1.225182328924781,-0.3809068429733951,0.0,0.0,1.0,1.0,0.0,0.0,0.0,1.0
0.0,-0.11806475343068525,-0.5273903592476161,0.0,0.0,1.0,0.0,1.0,0.0,0.0,1.0
0.0,2.7264584797926545,4.7844348664280965,0.0,0.0,1.0,0.0,1.0,1.0,0.0,0.0
0.0,-0.9082100959927242,-0.5101816642793399,0.0,1.0,0.0,1.0,0.0,0.0,0.0,1.0
0.0,2.01532767148682,1.2667385360821957,0.0,0.0,1.0,0.0,1.0,1.0,0.0,0.0
0.0,-0.6711664932241125,0.9302745139244792,0.0,0.0,1.0,0.0,1.0,1.0,0.0,0.0
1.0,-0.4341228904555008,-0.3447606972591563,0.0,0.0,1.0,1.0,0.0,0.0,0.0,1.0
0.0,-0.11806475343068525,-0.5066369885671093,0.0,0.0,1.0,0.0,1.0,0.0,0.0,1.0
1.0,-0.5921519589679086,-0.4557912303998677,0.0,0.0,1.0,0.0,1.0,0.0,1.0,0.0
0.0,-0.5921519589679086,-0.5066369885671093,0.0,0.0,1.0,0.0,1.0,0.0,0.0,1.0
1.0,0.11897884933792645,-0.1289256421818858,0.0,0.0,1.0,1.0,0.0,0.0,1.0,0.0
0.0,-0.3551083561992969,-0.5092311599021726,0.0,0.0,1.0,1.0,0.0,0.0,0.0,1.0
0.0,0.03996431508172255,-0.5237585193785274,1.0,0.0,0.0,0.0,1.0,0.0,0.0,1.0
1.0,0.7510951233875576,1.0521134025155985,1.0,0.0,0.0,1.0,0.0,1.0,0.0,0.0
1.0,0.7510951233875576,3.7122638536464136,0.0,0.0,1.0,1.0,0.0,1.0,0.0,0.0
0.0,0.5140515206189459,-0.3509867084633084,0.0,0.0,1.0,0.0,1.0,0.0,0.0,1.0
1.0,-0.11806475343068525,-0.1911857542234061,0.0,1.0,0.0,1.0,0.0,0.0,0.0,1.0
0.0,0.5140515206189459,-0.673701622545189,0.0,0.0,1.0,0.0,1.0,0.0,0.0,1.0
1.0,1.225182328924781,-0.3935311183583473,0.0,0.0,1.0,1.0,0.0,0.0,1.0,0.0
0.0,0.5535587877470478,-0.13411398485201248,0.0,0.0,1.0,0.0,1.0,0.0,1.0,0.0
0.0,0.7510951233875576,-0.673701622545189,0.0,0.0,1.0,0.0,1.0,1.0,0.0,0.0
1.0,-0.6711664932241125,-0.5119124953940941,0.0,0.0,1.0,0.0,1.0,0.0,0.0,1.0
0.0,-0.19707928768688912,-0.5098371583260434,0.0,0.0,1.0,0.0,1.0,0.0,0.0,1.0
1.0,0.03996431508172255,1.2667385360821957,0.0,0.0,1.0,1.0,0.0,1.0,0.0,0.0
0.0,0.8696169247718634,-0.5128629997712614,0.0,1.0,0.0,0.0,1.0,0.0,0.0,1.0
0.0,-0.039050219174481336,-0.5107004985463526,0.0,0.0,1.0,0.0,1.0,0.0,0.0,1.0
